OrderID,OrderDate,CustomerID,Revenue,WarehouseRoute,Status,ReturnFlag,SLA_Result,FeedbackScore,ProductID,ChannelID
1001,2024-03-28,C029,365921,K3,Completed,0,1,4,P007,CH01
1002,2024-04-06,C042,599108,K2,Completed,0,1,3,P020,CH05
1003,2024-02-12,C010,786378,K1,Completed,0,1,5,P029,CH01
1004,2024-08-26,C026,285706,K1,Completed,0,1,3,P015,CH01
1005,2024-03-11,C039,259210,K1,Completed,0,1,5,P011,CH03
1006,2024-09-16,C001,726790,K3,Completed,0,1,3,P008,CH05
1007,2024-06-29,C044,598649,K3,Returned,1,0,3,P029,CH05
1008,2024-07-15,C031,276113,WH_MAIN,Completed,0,1,4,P021,CH04
1009,2024-11-16,C035,269060,K1,Completed,0,0,4,P007,CH01
1010,2024-07-27,C026,792497,K1,Completed,0,1,4,P026,CH01
1011,2024-04-21,C010,535499,K2,Completed,0,1,4,P019,CH02
1012,2024-05-14,C025,871702,K2,Completed,0,1,3,P023,CH04
1013,2024-04-29,C024,628733,K4,Completed,0,1,3,P011,CH02
1014,2024-06-14,C035,481458,K1,Completed,0,0,3,P011,CH02
1015,2024-04-06,C044,420668,WH_MAIN,Completed,0,1,4,P024,CH02
1016,2024-06-29,C029,678675,K3,Completed,0,1,4,P021,CH03
1017,2024-10-08,C046,387157,WH_MAIN,Completed,0,1,3,P004,CH03
1018,2024-06-18,C041,540263,K1,Completed,0,1,5,P008,CH02
1019,2024-05-12,C001,609061,K1,Completed,0,1,5,P024,CH04
1020,2024-07-09,C003,267421,K3,Completed,0,1,3,P003,CH01
1021,2024-06-20,C047,283582,K1,Completed,0,1,5,P022,CH04
1022,2024-05-14,C031,484880,K1,Returned,1,0,1,P021,CH05
1023,2024-05-06,C029,524282,K3,Completed,0,1,3,P002,CH03
1024,2024-11-03,C022,399389,K2,Completed,0,1,3,P024,CH01
1025,2024-08-15,C029,400055,K3,Completed,0,1,3,P012,CH01
1026,2024-12-21,C012,589156,K2,Returned,1,0,1,P030,CH05
1027,2024-09-03,C007,458884,WH_MAIN,Completed,0,0,3,P006,CH05
1028,2024-02-03,C035,817970,K4,Completed,0,1,5,P002,CH02
1029,2024-11-12,C044,854894,WH_MAIN,Completed,0,1,3,P028,CH03
1030,2024-01-09,C030,269221,K3,Completed,0,1,5,P021,CH03
1031,2024-09-05,C018,424753,K2,Completed,0,1,5,P001,CH04
1032,2024-02-09,C047,760667,K2,Completed,0,1,3,P012,CH02
1033,2024-08-22,C025,750476,K1,Completed,0,1,5,P026,CH02
1034,2024-06-07,C024,461562,K3,Completed,0,1,3,P022,CH02
1035,2024-11-17,C024,496419,K4,Completed,0,1,3,P029,CH02
1036,2024-09-10,C022,348485,K1,Completed,0,0,3,P012,CH03
1037,2024-06-11,C003,522920,WH_MAIN,Completed,0,1,5,P025,CH03
1038,2024-03-09,C002,888074,K2,Completed,0,1,3,P017,CH02
1039,2024-06-13,C014,730677,WH_MAIN,Completed,0,1,3,P027,CH04
1040,2024-08-19,C006,358947,K1,Completed,0,1,4,P027,CH01
1041,2024-10-04,C019,599354,K1,Completed,0,1,5,P010,CH01
1042,2024-06-23,C013,420492,K3,Completed,0,1,5,P028,CH04
1043,2024-09-24,C023,271169,K1,Completed,0,1,4,P028,CH02
1044,2024-06-17,C045,287128,WH_MAIN,Completed,0,1,5,P016,CH03
1045,2024-09-17,C032,687959,WH_MAIN,Returned,1,0,2,P015,CH01
1046,2024-09-14,C003,753795,K1,Completed,0,1,3,P030,CH05
1047,2024-06-20,C039,788065,WH_MAIN,Completed,0,1,4,P030,CH05
1048,2024-11-04,C029,491128,K3,Completed,0,1,5,P015,CH04
1049,2024-06-22,C002,322870,K2,Returned,1,0,1,P030,CH02
1050,2024-06-14,C005,309451,WH_MAIN,Completed,0,1,4,P019,CH01
1051,2024-04-27,C023,767629,K2,Completed,0,1,3,P012,CH02
1052,2024-08-23,C020,404904,K2,Completed,0,1,5,P023,CH01
1053,2024-10-30,C019,406026,K3,Completed,0,0,4,P020,CH04
1054,2024-11-23,C026,695955,K4,Returned,1,0,2,P025,CH04
1055,2024-06-04,C023,534524,K3,Completed,0,1,3,P003,CH05
1056,2024-04-25,C037,663205,K1,Completed,0,1,3,P005,CH02
1057,2024-09-10,C023,509511,K2,Completed,0,1,3,P019,CH05
1058,2024-04-23,C002,837377,K3,Completed,0,1,3,P007,CH02
1059,2024-08-11,C001,718000,K4,Completed,0,1,3,P021,CH05
1060,2024-07-22,C037,392486,K1,Completed,0,1,3,P009,CH03
1061,2024-10-18,C031,511743,WH_MAIN,Completed,0,1,5,P007,CH03
1062,2024-08-07,C038,259598,K4,Completed,0,1,4,P018,CH03
1063,2024-04-13,C024,602666,K3,Completed,0,1,4,P004,CH03
1064,2024-10-13,C010,657035,K2,Completed,0,1,4,P025,CH01
1065,2024-04-18,C004,587449,K2,Completed,0,1,4,P028,CH03
1066,2024-09-12,C034,483704,K2,Completed,0,1,5,P014,CH04
1067,2024-10-12,C036,529628,K1,Completed,0,1,4,P018,CH04
1068,2024-08-12,C005,702325,K3,Completed,0,1,5,P026,CH01
1069,2024-12-22,C037,570250,WH_MAIN,Returned,1,0,2,P009,CH03
1070,2024-04-27,C050,651523,K1,Completed,0,1,4,P026,CH03
1071,2024-06-15,C013,507768,K1,Completed,0,1,3,P021,CH03
1072,2024-10-14,C012,417689,K4,Completed,0,1,3,P002,CH05
1073,2024-11-26,C049,589795,K2,Completed,0,1,3,P020,CH02
1074,2024-03-13,C041,287532,WH_MAIN,Completed,0,1,3,P028,CH05
1075,2024-08-31,C044,567810,K1,Completed,0,1,5,P015,CH02
1076,2024-09-18,C004,825314,K3,Completed,0,1,4,P028,CH03
1077,2024-12-21,C040,526186,K1,Completed,0,1,5,P007,CH03
1078,2024-12-22,C035,339835,K2,Completed,0,1,5,P012,CH05
1079,2024-04-20,C048,816227,WH_MAIN,Returned,1,0,2,P029,CH05
1080,2024-08-30,C046,310818,K2,Completed,0,1,5,P008,CH02
1081,2024-07-03,C007,267666,K2,Completed,0,1,5,P015,CH04
1082,2024-05-19,C046,353359,K3,Completed,0,1,5,P003,CH02
1083,2024-10-05,C013,670927,K3,Completed,0,1,5,P014,CH05
1084,2024-07-16,C020,288247,K1,Returned,1,0,1,P017,CH05
1085,2024-09-06,C006,461802,K2,Completed,0,1,5,P004,CH01
1086,2024-03-05,C022,360850,K4,Completed,0,1,3,P018,CH05
1087,2024-09-20,C006,300747,K4,Completed,0,1,4,P008,CH01
1088,2024-12-22,C041,628758,K3,Completed,0,1,5,P004,CH04
1089,2024-07-27,C044,472038,K1,Completed,0,1,4,P002,CH02
1090,2024-01-02,C046,742848,K2,Completed,0,1,3,P030,CH02
1091,2024-09-11,C003,303915,K1,Completed,0,1,5,P006,CH01
1092,2024-12-28,C014,353921,K2,Completed,0,1,3,P022,CH02
1093,2024-12-29,C034,512545,K1,Completed,0,1,5,P010,CH05
1094,2024-02-26,C011,609073,K2,Returned,1,0,1,P004,CH03
1095,2024-03-05,C012,399190,K1,Completed,0,1,3,P022,CH01
1096,2024-12-12,C049,716728,WH_MAIN,Returned,1,0,2,P029,CH02
1097,2024-10-12,C017,708862,K1,Completed,0,1,5,P018,CH01
1098,2024-12-31,C040,624694,K4,Completed,0,0,3,P026,CH01
1099,2024-10-29,C025,592291,K3,Returned,1,1,1,P012,CH03
1100,2024-08-06,C008,462942,K3,Completed,0,1,3,P002,CH05
1101,2024-11-26,C019,475415,K4,Completed,0,0,3,P010,CH01
1102,2024-12-25,C048,789441,K2,Completed,0,1,3,P030,CH02
1103,2024-11-16,C021,408966,K1,Completed,0,1,5,P004,CH04
1104,2024-11-08,C017,434761,K2,Returned,1,0,3,P014,CH01
1105,2024-10-31,C015,813141,K1,Completed,0,1,3,P016,CH01
1106,2024-11-26,C003,393194,K4,Completed,0,1,5,P015,CH03
1107,2024-05-31,C038,346283,K3,Completed,0,1,4,P008,CH05
1108,2024-10-24,C021,271558,K2,Completed,0,1,3,P014,CH04
1109,2024-12-13,C036,380317,WH_MAIN,Completed,0,1,3,P023,CH02
1110,2024-02-10,C020,800510,WH_MAIN,Completed,0,1,5,P028,CH04
1111,2024-10-12,C008,527588,K2,Returned,1,0,2,P025,CH02
1112,2024-08-16,C022,340490,WH_MAIN,Completed,0,1,5,P030,CH05
1113,2024-06-26,C015,299027,K4,Completed,0,1,3,P008,CH02
1114,2024-07-16,C010,671311,K3,Completed,0,1,5,P021,CH03
1115,2024-06-21,C048,672889,WH_MAIN,Completed,0,1,5,P016,CH03
1116,2024-07-22,C041,735175,K1,Completed,0,1,4,P013,CH03
1117,2024-08-18,C005,652285,K4,Completed,0,1,5,P018,CH03
1118,2024-11-27,C041,650368,K2,Completed,0,1,3,P015,CH04
1119,2024-03-01,C020,765469,K1,Completed,0,0,5,P021,CH05
1120,2024-08-15,C005,647308,K3,Returned,1,0,3,P024,CH02
1121,2024-11-15,C019,684370,K2,Returned,1,0,1,P026,CH02
1122,2024-09-13,C030,893060,K2,Completed,0,1,4,P025,CH03
1123,2024-01-09,C029,310402,WH_MAIN,Completed,0,1,4,P028,CH03
1124,2024-11-04,C010,265170,K2,Completed,0,1,3,P028,CH01
1125,2024-11-09,C018,397628,K3,Completed,0,1,5,P028,CH05
1126,2024-03-29,C009,751478,K1,Completed,0,1,4,P013,CH04
1127,2024-10-16,C039,551441,K1,Completed,0,1,3,P009,CH02
1128,2024-02-28,C015,299245,WH_MAIN,Completed,0,1,5,P029,CH01
1129,2024-04-16,C024,692378,WH_MAIN,Completed,0,1,5,P015,CH01
1130,2024-01-31,C046,741171,K3,Completed,0,1,5,P013,CH02
1131,2024-12-17,C033,765915,K1,Completed,0,1,4,P001,CH04
1132,2024-07-22,C027,681368,K2,Completed,0,1,3,P025,CH01
1133,2024-09-08,C048,878130,WH_MAIN,Completed,0,1,4,P007,CH01
1134,2024-07-13,C037,731684,K1,Returned,1,0,2,P009,CH05
1135,2024-07-21,C006,830589,WH_MAIN,Completed,0,0,5,P024,CH04
1136,2024-08-11,C015,307545,K4,Completed,0,1,5,P001,CH01
1137,2024-09-25,C028,711110,K1,Completed,0,1,5,P012,CH04
1138,2024-05-27,C030,839559,K3,Completed,0,1,5,P008,CH02
1139,2024-10-02,C035,579640,K1,Completed,0,1,4,P024,CH03
1140,2024-12-05,C004,839970,K4,Completed,0,1,3,P011,CH01
1141,2024-05-30,C021,704221,WH_MAIN,Completed,0,1,4,P019,CH05
1142,2024-11-08,C042,358199,WH_MAIN,Returned,1,0,2,P017,CH02
1143,2024-05-20,C015,892302,K2,Completed,0,1,4,P008,CH04
1144,2024-02-06,C050,449401,K2,Completed,0,1,3,P003,CH02
1145,2024-04-13,C042,750193,K3,Returned,1,0,3,P003,CH01
1146,2024-10-13,C035,512141,K1,Completed,0,1,4,P001,CH04
1147,2024-09-26,C033,793612,WH_MAIN,Completed,0,1,3,P027,CH03
1148,2024-02-12,C014,682863,K3,Completed,0,1,3,P005,CH02
1149,2024-12-15,C014,702156,K3,Completed,0,1,5,P010,CH01
1150,2024-01-27,C047,706217,K1,Returned,1,1,2,P007,CH05
1151,2024-11-21,C011,405308,K2,Completed,0,0,4,P026,CH04
1152,2024-04-11,C012,790228,WH_MAIN,Completed,0,0,4,P009,CH02
1153,2024-09-03,C043,403919,K2,Completed,0,1,4,P028,CH02
1154,2024-09-14,C008,741921,K2,Returned,1,0,1,P007,CH03
1155,2024-06-24,C049,729289,K2,Completed,0,1,4,P009,CH03
1156,2024-10-12,C015,576402,WH_MAIN,Completed,0,1,5,P008,CH05
1157,2024-06-27,C050,579198,K2,Completed,0,1,3,P012,CH05
1158,2024-02-27,C050,379224,K2,Completed,0,1,3,P002,CH01
1159,2024-03-26,C013,415262,K4,Completed,0,1,5,P001,CH01
1160,2024-09-25,C021,520573,K2,Returned,1,0,3,P016,CH05
1161,2024-04-30,C016,622132,K2,Completed,0,1,5,P023,CH05
1162,2024-11-14,C024,404296,K2,Returned,1,1,1,P023,CH04
1163,2024-06-05,C030,465882,WH_MAIN,Completed,0,1,3,P030,CH03
1164,2024-05-08,C022,443291,K1,Completed,0,1,5,P024,CH01
1165,2024-01-30,C022,873657,WH_MAIN,Completed,0,1,3,P005,CH03
1166,2024-07-18,C029,839699,K3,Completed,0,1,5,P003,CH03
1167,2024-11-29,C042,580214,K3,Completed,0,1,5,P012,CH05
1168,2024-01-14,C043,351325,K3,Returned,1,0,1,P008,CH04
1169,2024-04-10,C010,853878,WH_MAIN,Completed,0,1,3,P022,CH02
1170,2024-07-12,C049,653350,WH_MAIN,Completed,0,1,4,P027,CH04
1171,2024-10-30,C014,494693,K3,Completed,0,1,4,P003,CH04
1172,2024-10-10,C041,726664,WH_MAIN,Completed,0,1,5,P001,CH03
1173,2024-10-30,C038,568473,K4,Returned,1,0,1,P003,CH04
1174,2024-11-23,C020,724215,K3,Completed,0,1,3,P005,CH01
1175,2024-09-01,C028,819045,K4,Completed,0,1,3,P015,CH03
1176,2024-06-27,C009,541725,WH_MAIN,Completed,0,1,3,P014,CH01
1177,2024-09-17,C041,285650,K3,Completed,0,1,5,P003,CH02
1178,2024-03-01,C035,272550,K3,Completed,0,1,4,P001,CH03
1179,2024-09-12,C018,894138,K3,Completed,0,1,4,P005,CH02
1180,2024-05-12,C026,610341,K1,Completed,0,1,5,P026,CH03
1181,2024-07-25,C020,623418,K3,Completed,0,1,4,P023,CH05
1182,2024-07-14,C022,547548,K1,Completed,0,1,5,P014,CH04
1183,2024-09-14,C002,333773,K2,Completed,0,1,4,P007,CH05
1184,2024-05-23,C027,531786,K1,Completed,0,1,4,P027,CH02
1185,2024-06-06,C023,812970,WH_MAIN,Completed,0,1,4,P009,CH04
1186,2024-09-19,C034,501148,K4,Completed,0,1,5,P015,CH03
1187,2024-12-18,C003,393392,K2,Completed,0,1,3,P015,CH04
1188,2024-04-07,C036,796274,K1,Completed,0,1,3,P026,CH01
1189,2024-06-23,C049,821719,K2,Completed,0,1,5,P010,CH04
1190,2024-10-15,C034,663999,K1,Completed,0,1,3,P028,CH01
1191,2024-06-30,C019,739585,K1,Completed,0,1,4,P013,CH04
1192,2024-02-04,C021,606647,WH_MAIN,Completed,0,0,5,P019,CH01
1193,2024-10-16,C014,715871,K2,Completed,0,1,4,P007,CH02
1194,2024-10-12,C008,599799,WH_MAIN,Completed,0,1,4,P017,CH05
1195,2024-06-30,C007,770690,K1,Returned,1,0,1,P020,CH03
1196,2024-02-09,C038,621397,K4,Completed,0,1,3,P029,CH04
1197,2024-04-07,C030,700208,K4,Returned,1,0,1,P004,CH05
1198,2024-09-22,C016,253451,K1,Returned,1,1,3,P030,CH03
1199,2024-04-25,C017,458472,WH_MAIN,Completed,0,0,3,P005,CH03
1200,2024-06-17,C002,456576,K4,Completed,0,1,4,P023,CH01
1201,2024-08-24,C045,298960,K1,Completed,0,1,3,P007,CH02
1202,2024-09-07,C028,378768,K1,Completed,0,1,3,P013,CH02
1203,2024-12-15,C017,650036,K4,Completed,0,1,4,P015,CH05
1204,2024-11-16,C033,263401,K1,Returned,1,1,1,P011,CH02
1205,2024-06-12,C029,474991,WH_MAIN,Completed,0,1,4,P029,CH04
1206,2024-10-22,C036,681542,WH_MAIN,Completed,0,1,5,P004,CH02
1207,2024-03-24,C049,531224,K1,Returned,1,0,3,P013,CH05
1208,2024-04-19,C043,493371,K1,Completed,0,1,5,P007,CH02
1209,2024-08-03,C030,438899,WH_MAIN,Completed,0,1,4,P027,CH04
1210,2024-03-02,C032,614980,WH_MAIN,Completed,0,1,3,P019,CH01
1211,2024-02-11,C025,743609,K1,Returned,1,0,1,P022,CH05
1212,2024-09-26,C028,725689,K1,Completed,0,1,5,P028,CH01
1213,2024-12-03,C022,801720,K2,Completed,0,1,5,P002,CH01
1214,2024-06-05,C022,589752,K2,Completed,0,1,3,P010,CH01
1215,2024-11-17,C045,825226,WH_MAIN,Completed,0,1,4,P013,CH03
1216,2024-08-29,C036,812786,K1,Completed,0,1,4,P030,CH03
1217,2024-11-03,C027,631772,K4,Completed,0,1,5,P025,CH01
1218,2024-03-07,C040,818125,K1,Completed,0,1,5,P021,CH05
1219,2024-11-20,C039,583934,K1,Completed,0,1,4,P006,CH04
1220,2024-05-14,C032,820486,K4,Completed,0,1,3,P028,CH04
1221,2024-11-18,C041,530371,K1,Completed,0,1,5,P028,CH02
1222,2024-12-07,C033,580301,K2,Completed,0,1,3,P012,CH05
1223,2024-05-17,C041,311159,K1,Completed,0,1,3,P012,CH03
1224,2024-09-18,C003,265968,K3,Completed,0,1,3,P020,CH01
1225,2024-07-28,C016,420691,K2,Completed,0,0,4,P030,CH02
1226,2024-08-01,C031,802795,WH_MAIN,Completed,0,1,5,P030,CH04
1227,2024-07-31,C036,501359,K2,Completed,0,1,4,P011,CH03
1228,2024-10-27,C006,684281,K3,Completed,0,1,4,P026,CH03
1229,2024-09-12,C044,368458,K1,Completed,0,1,4,P023,CH01
1230,2024-05-28,C027,404409,WH_MAIN,Completed,0,1,4,P028,CH04
1231,2024-01-08,C024,415303,WH_MAIN,Returned,1,1,2,P025,CH05
1232,2024-12-31,C048,311296,K1,Completed,0,1,3,P007,CH03
1233,2024-07-01,C015,728199,K2,Completed,0,1,3,P030,CH01
1234,2024-10-14,C048,506087,K2,Completed,0,0,5,P001,CH05
1235,2024-02-10,C020,808158,K2,Completed,0,1,5,P001,CH04
1236,2024-05-13,C019,555542,K1,Completed,0,0,5,P025,CH03
1237,2024-05-22,C027,318479,K2,Completed,0,1,4,P027,CH05
1238,2024-08-15,C012,684958,K4,Completed,0,1,5,P030,CH05
1239,2024-05-10,C042,818507,K2,Completed,0,1,4,P025,CH05
1240,2024-02-16,C014,610247,K4,Completed,0,1,4,P020,CH03
1241,2024-11-12,C041,657687,WH_MAIN,Completed,0,0,5,P013,CH03
1242,2024-08-18,C030,892530,WH_MAIN,Completed,0,1,4,P009,CH02
1243,2024-12-03,C024,783075,K3,Completed,0,1,4,P003,CH04
1244,2024-04-06,C019,482344,WH_MAIN,Completed,0,1,3,P007,CH01
1245,2024-05-12,C023,760027,K3,Returned,1,1,3,P006,CH05
1246,2024-09-05,C043,390330,K1,Completed,0,1,5,P008,CH02
1247,2024-01-21,C044,890681,K3,Returned,1,0,2,P027,CH01
1248,2024-05-17,C026,629435,K4,Completed,0,1,5,P009,CH02
1249,2024-08-26,C047,871894,K4,Completed,0,1,3,P030,CH03
1250,2024-05-06,C017,332049,K1,Returned,1,0,2,P005,CH05
1251,2024-11-14,C031,289511,K3,Completed,0,0,3,P001,CH01
1252,2024-12-05,C004,499203,K2,Completed,0,1,5,P019,CH01
1253,2024-05-24,C038,582437,WH_MAIN,Completed,0,1,5,P010,CH01
1254,2024-07-01,C045,309960,K2,Completed,0,1,4,P012,CH01
1255,2024-06-07,C047,321147,K2,Completed,0,1,4,P024,CH01
1256,2024-03-20,C050,490985,K2,Completed,0,1,4,P015,CH02
1257,2024-09-10,C006,633094,K3,Completed,0,1,3,P027,CH05
1258,2024-07-06,C048,420432,K2,Completed,0,1,5,P022,CH03
1259,2024-09-30,C034,658100,K4,Completed,0,1,3,P024,CH03
1260,2024-05-08,C023,342833,WH_MAIN,Completed,0,1,5,P009,CH03
1261,2024-05-30,C040,628897,K1,Completed,0,1,5,P020,CH03
1262,2024-12-12,C036,635507,K1,Completed,0,1,4,P017,CH02
1263,2024-10-26,C036,353975,K3,Completed,0,1,4,P030,CH04
1264,2024-07-29,C032,565662,K1,Completed,0,1,4,P017,CH05
1265,2024-05-14,C021,811680,WH_MAIN,Completed,0,1,3,P026,CH01
1266,2024-05-07,C041,822120,K3,Returned,1,0,3,P020,CH04
1267,2024-06-10,C035,745542,K3,Completed,0,1,3,P012,CH03
1268,2024-10-15,C006,717155,K1,Completed,0,1,5,P030,CH04
1269,2024-07-13,C001,652186,K2,Returned,1,0,2,P007,CH05
1270,2024-06-10,C027,746320,K3,Completed,0,0,3,P002,CH01
1271,2024-03-13,C040,670861,WH_MAIN,Completed,0,1,4,P003,CH01
1272,2024-08-13,C033,604159,K3,Completed,0,1,5,P017,CH05
1273,2024-10-30,C024,265488,K3,Completed,0,1,3,P005,CH05
1274,2024-09-12,C033,839246,WH_MAIN,Completed,0,1,5,P017,CH03
1275,2024-06-13,C025,630063,K4,Completed,0,1,3,P024,CH01
1276,2024-07-19,C028,599326,WH_MAIN,Completed,0,1,4,P017,CH04
1277,2024-09-09,C018,757912,K4,Completed,0,1,3,P027,CH02
1278,2024-05-21,C050,536268,K3,Completed,0,1,4,P017,CH02
1279,2024-12-19,C018,884962,K2,Completed,0,1,5,P002,CH05
1280,2024-12-15,C001,449167,K2,Completed,0,1,5,P002,CH03
1281,2024-09-22,C018,427933,K1,Completed,0,1,3,P028,CH02
1282,2024-06-16,C002,453929,K1,Completed,0,1,3,P022,CH01
1283,2024-12-21,C012,884700,K2,Completed,0,1,4,P023,CH05
1284,2024-06-12,C025,459181,K2,Completed,0,1,3,P005,CH04
1285,2024-07-30,C028,622885,K4,Returned,1,0,2,P001,CH05
1286,2024-10-25,C017,458431,K2,Completed,0,1,4,P001,CH04
1287,2024-05-31,C034,333695,WH_MAIN,Completed,0,1,5,P019,CH05
1288,2024-10-25,C023,702484,K1,Completed,0,1,4,P030,CH05
1289,2024-10-25,C009,746757,K3,Completed,0,1,4,P002,CH05
1290,2024-11-05,C039,677733,WH_MAIN,Completed,0,1,4,P021,CH04
1291,2024-11-10,C014,720563,K3,Completed,0,1,4,P012,CH04
1292,2024-11-01,C049,783316,K2,Completed,0,1,3,P026,CH05
1293,2024-12-19,C004,373317,K2,Completed,0,1,3,P006,CH02
1294,2024-09-28,C046,628652,WH_MAIN,Returned,1,0,1,P023,CH03
1295,2024-05-02,C040,791332,WH_MAIN,Completed,0,0,3,P004,CH03
1296,2024-08-01,C006,273128,K1,Completed,0,1,4,P023,CH03
1297,2024-08-20,C012,290772,K3,Completed,0,1,4,P011,CH04
1298,2024-07-19,C024,712329,K4,Returned,1,0,2,P024,CH04
1299,2024-08-15,C015,864151,WH_MAIN,Completed,0,1,5,P027,CH02
1300,2024-04-03,C011,305838,K1,Returned,1,0,2,P017,CH03
1301,2024-07-04,C020,809230,WH_MAIN,Completed,0,1,4,P006,CH03
1302,2024-05-08,C026,695482,WH_MAIN,Completed,0,1,5,P024,CH05
1303,2024-06-23,C029,525731,K4,Completed,0,1,3,P005,CH04
1304,2024-04-30,C047,383869,K1,Completed,0,1,5,P020,CH03
1305,2024-06-29,C021,319004,WH_MAIN,Completed,0,1,3,P002,CH02
1306,2024-09-14,C005,457674,WH_MAIN,Returned,1,0,3,P006,CH02
1307,2024-05-20,C035,592780,K1,Completed,0,1,4,P022,CH03
1308,2024-06-14,C039,814957,K4,Completed,0,0,3,P011,CH04
1309,2024-04-07,C031,824675,K3,Returned,1,1,3,P016,CH02
1310,2024-09-16,C045,829436,K3,Completed,0,1,5,P016,CH05
1311,2024-09-05,C044,665510,K2,Completed,0,1,4,P001,CH02
1312,2024-05-16,C030,753590,WH_MAIN,Completed,0,1,5,P009,CH01
1313,2024-06-06,C049,359958,K3,Completed,0,1,5,P028,CH01
1314,2024-05-15,C014,374449,K2,Completed,0,1,3,P027,CH04
1315,2024-04-16,C039,540017,K3,Completed,0,1,5,P006,CH03
1316,2024-07-20,C006,670340,K4,Completed,0,1,3,P016,CH04
1317,2024-03-28,C044,463095,WH_MAIN,Completed,0,1,3,P029,CH04
1318,2024-01-14,C026,371020,K3,Returned,1,0,3,P003,CH04
1319,2024-05-02,C014,273162,K1,Completed,0,1,3,P020,CH04
1320,2024-12-15,C016,307200,K1,Returned,1,0,3,P028,CH05
1321,2024-06-11,C028,311038,K2,Completed,0,1,5,P027,CH05
1322,2024-08-02,C047,668020,K3,Returned,1,1,3,P004,CH02
1323,2024-02-09,C040,471816,WH_MAIN,Returned,1,1,2,P019,CH01
1324,2024-02-03,C044,428707,K4,Completed,0,1,5,P026,CH04
1325,2024-10-25,C049,525258,K2,Completed,0,1,5,P003,CH02
1326,2024-06-06,C039,554518,K2,Completed,0,1,3,P019,CH01
1327,2024-08-09,C004,521509,K1,Completed,0,1,4,P020,CH03
1328,2024-07-07,C028,497811,K1,Completed,0,1,3,P007,CH05
1329,2024-03-21,C049,455262,WH_MAIN,Completed,0,1,3,P020,CH01
1330,2024-10-10,C007,751337,K4,Completed,0,1,3,P009,CH03
1331,2024-10-11,C028,362645,K4,Returned,1,0,3,P001,CH01
1332,2024-09-10,C033,387748,K2,Completed,0,1,3,P008,CH05
1333,2024-08-07,C032,514095,K2,Returned,1,0,3,P007,CH05
1334,2024-03-05,C024,868315,K1,Returned,1,0,3,P018,CH02
1335,2024-09-27,C006,374293,K2,Completed,0,1,5,P008,CH04
1336,2024-12-28,C017,517078,K1,Completed,0,1,4,P001,CH01
1337,2024-12-18,C025,739240,WH_MAIN,Completed,0,1,4,P011,CH01
1338,2024-09-05,C027,475980,WH_MAIN,Completed,0,1,4,P028,CH03
1339,2024-03-27,C039,409600,WH_MAIN,Returned,1,0,3,P025,CH05
1340,2024-09-27,C021,737787,K1,Completed,0,1,3,P025,CH01
1341,2024-08-07,C030,622138,K1,Completed,0,1,4,P018,CH05
1342,2024-07-03,C016,758098,K3,Completed,0,1,5,P023,CH01
1343,2024-09-29,C045,293520,K1,Completed,0,1,3,P030,CH02
1344,2024-07-26,C013,394482,K1,Completed,0,1,4,P010,CH04
1345,2024-09-15,C006,548527,K4,Completed,0,1,5,P003,CH01
1346,2024-11-23,C050,719102,WH_MAIN,Completed,0,1,5,P007,CH05
1347,2024-07-07,C008,445849,K1,Completed,0,1,4,P028,CH02
1348,2024-02-16,C002,799427,K2,Completed,0,1,3,P016,CH01
1349,2024-09-07,C031,309993,K1,Completed,0,1,5,P026,CH03
1350,2024-04-06,C050,847689,K1,Completed,0,1,3,P016,CH04
1351,2024-06-23,C043,662305,K1,Completed,0,1,3,P025,CH01
1352,2024-08-31,C029,341000,WH_MAIN,Completed,0,1,5,P020,CH02
1353,2024-10-17,C027,748883,K1,Completed,0,1,5,P028,CH03
1354,2024-04-27,C012,817209,K2,Completed,0,1,3,P017,CH02
1355,2024-05-10,C019,528151,K2,Completed,0,0,3,P002,CH02
1356,2024-03-28,C028,291577,K2,Completed,0,1,5,P001,CH03
1357,2024-12-31,C006,843143,WH_MAIN,Completed,0,0,5,P016,CH02
1358,2024-06-24,C047,836480,K2,Completed,0,1,5,P030,CH03
1359,2024-06-22,C041,874506,K3,Completed,0,1,3,P012,CH01
1360,2024-10-11,C001,527293,K3,Completed,0,1,4,P005,CH03
1361,2024-07-19,C023,474535,WH_MAIN,Completed,0,1,5,P005,CH03
1362,2024-04-19,C016,701218,K4,Completed,0,0,4,P027,CH04
1363,2024-06-30,C004,898683,WH_MAIN,Completed,0,1,3,P023,CH03
1364,2024-11-08,C043,429703,K4,Completed,0,1,3,P009,CH03
1365,2024-08-14,C032,870160,K2,Completed,0,1,4,P009,CH01
1366,2024-01-13,C024,812110,K3,Completed,0,1,5,P003,CH04
1367,2024-11-14,C034,757162,K3,Completed,0,1,5,P019,CH05
1368,2024-06-25,C002,597066,K2,Completed,0,1,5,P016,CH01
1369,2024-10-22,C024,710801,WH_MAIN,Completed,0,1,5,P016,CH01
1370,2024-04-23,C029,443979,K2,Completed,0,1,4,P003,CH05
1371,2024-04-08,C035,501753,WH_MAIN,Completed,0,1,3,P020,CH03
1372,2024-05-23,C012,731172,K4,Completed,0,1,5,P024,CH02
1373,2024-04-14,C029,461008,K4,Completed,0,1,4,P022,CH04
1374,2024-08-19,C033,609614,K1,Completed,0,1,3,P024,CH02
1375,2024-07-06,C010,353018,K4,Completed,0,1,4,P001,CH05
1376,2024-08-04,C001,875799,K4,Completed,0,1,4,P024,CH01
1377,2024-01-11,C012,733831,WH_MAIN,Completed,0,1,3,P020,CH01
1378,2024-09-18,C006,560769,K3,Completed,0,1,3,P011,CH04
1379,2024-10-28,C042,737714,K1,Completed,0,1,4,P017,CH01
1380,2024-05-27,C015,447244,K1,Completed,0,1,4,P008,CH01
1381,2024-11-14,C010,893380,K3,Completed,0,1,3,P004,CH04
1382,2024-12-14,C037,652989,K2,Completed,0,1,5,P006,CH04
1383,2024-09-11,C028,579631,WH_MAIN,Completed,0,1,3,P008,CH05
1384,2024-08-14,C034,322395,K1,Completed,0,1,5,P020,CH01
1385,2024-04-13,C047,871988,WH_MAIN,Completed,0,1,5,P030,CH01
1386,2024-07-06,C004,865747,WH_MAIN,Completed,0,1,5,P003,CH05
1387,2024-03-12,C034,875279,K1,Completed,0,1,3,P016,CH03
1388,2024-06-14,C003,885773,K2,Completed,0,1,4,P030,CH03
1389,2024-03-13,C003,318661,K1,Completed,0,0,3,P025,CH03
1390,2024-07-26,C012,453982,K3,Completed,0,1,3,P003,CH05
1391,2024-10-08,C031,254485,K1,Completed,0,1,4,P025,CH01
1392,2024-02-13,C036,492256,K1,Completed,0,1,3,P029,CH05
1393,2024-10-27,C006,333707,WH_MAIN,Completed,0,1,4,P018,CH05
1394,2024-08-03,C009,295000,K4,Completed,0,1,3,P014,CH03
1395,2024-10-02,C036,586233,K1,Completed,0,1,3,P018,CH02
1396,2024-10-05,C029,853190,K1,Completed,0,1,3,P002,CH01
1397,2024-03-02,C019,736037,K1,Completed,0,1,3,P022,CH03
1398,2024-04-24,C018,448225,K4,Completed,0,1,4,P003,CH02
1399,2024-01-24,C030,371298,WH_MAIN,Completed,0,1,4,P016,CH02
1400,2024-04-24,C050,311754,K3,Completed,0,1,4,P029,CH04
1401,2024-07-07,C023,291614,WH_MAIN,Completed,0,1,4,P009,CH01
1402,2024-04-18,C010,441353,WH_MAIN,Completed,0,1,5,P004,CH02
1403,2024-09-24,C001,317054,WH_MAIN,Completed,0,1,4,P001,CH03
1404,2024-03-28,C020,290131,WH_MAIN,Completed,0,1,4,P004,CH04
1405,2024-11-08,C008,513118,WH_MAIN,Completed,0,1,3,P001,CH01
1406,2024-12-08,C001,292762,K4,Returned,1,1,1,P014,CH05
1407,2024-12-28,C007,385736,K2,Completed,0,1,3,P021,CH03
1408,2024-10-29,C004,495901,K1,Completed,0,1,3,P016,CH02
1409,2024-11-03,C050,634384,K1,Completed,0,0,4,P020,CH02
1410,2024-04-27,C013,516185,K4,Completed,0,1,3,P024,CH03
1411,2024-02-19,C025,580586,K1,Completed,0,0,5,P008,CH02
1412,2024-08-18,C020,882936,K3,Completed,0,1,3,P007,CH04
1413,2024-05-28,C024,771594,K3,Completed,0,0,4,P003,CH01
1414,2024-04-30,C039,560089,K1,Completed,0,1,5,P017,CH04
1415,2024-02-22,C033,276255,K2,Completed,0,1,4,P001,CH02
1416,2024-05-10,C028,645346,K1,Returned,1,0,3,P016,CH05
1417,2024-09-11,C015,831176,WH_MAIN,Completed,0,1,3,P012,CH01
1418,2024-08-16,C034,869114,K2,Completed,0,0,4,P027,CH01
1419,2024-04-17,C004,447541,K3,Completed,0,1,4,P019,CH03
1420,2024-06-29,C008,869653,K2,Completed,0,1,4,P022,CH03
1421,2024-11-07,C022,643759,WH_MAIN,Completed,0,1,3,P023,CH05
1422,2024-06-15,C038,672233,K1,Completed,0,1,4,P022,CH01
1423,2024-10-15,C035,382080,WH_MAIN,Completed,0,1,3,P014,CH05
1424,2024-11-08,C049,356739,K2,Completed,0,1,4,P030,CH03
1425,2024-03-09,C020,875527,WH_MAIN,Completed,0,1,3,P006,CH03
1426,2024-05-24,C027,618644,K1,Completed,0,1,5,P006,CH01
1427,2024-05-01,C047,592913,K4,Completed,0,1,3,P013,CH04
1428,2024-09-25,C037,472509,K1,Returned,1,1,2,P019,CH02
1429,2024-10-31,C037,442320,K4,Completed,0,1,5,P022,CH03
1430,2024-12-28,C037,385473,WH_MAIN,Completed,0,1,5,P008,CH03
1431,2024-12-18,C030,609193,K3,Completed,0,1,4,P027,CH04
1432,2024-08-15,C018,840553,K1,Completed,0,1,5,P027,CH04
1433,2024-03-07,C023,535456,WH_MAIN,Completed,0,1,4,P002,CH05
1434,2024-07-07,C045,899928,K3,Completed,0,1,5,P021,CH05
1435,2024-11-29,C027,768875,K3,Completed,0,1,5,P030,CH02
1436,2024-05-14,C046,349670,WH_MAIN,Completed,0,1,3,P001,CH02
1437,2024-10-07,C008,689067,K4,Returned,1,0,1,P028,CH01
1438,2024-08-08,C037,839488,K1,Completed,0,1,5,P015,CH05
1439,2024-05-22,C033,524386,WH_MAIN,Returned,1,0,2,P001,CH03
1440,2024-06-14,C024,750300,WH_MAIN,Completed,0,1,3,P005,CH05
1441,2024-08-03,C016,360392,K3,Returned,1,0,3,P028,CH03
1442,2024-08-13,C044,476720,K2,Completed,0,1,5,P029,CH04
1443,2024-07-30,C021,776714,K2,Completed,0,1,3,P016,CH05
1444,2024-12-03,C013,736091,K1,Returned,1,0,1,P019,CH04
1445,2024-05-03,C028,414372,K1,Returned,1,0,1,P004,CH02
1446,2024-08-17,C028,411872,WH_MAIN,Returned,1,0,3,P003,CH02
1447,2024-03-20,C028,436034,WH_MAIN,Completed,0,1,5,P017,CH01
1448,2024-08-26,C034,525566,WH_MAIN,Returned,1,0,2,P017,CH05
1449,2024-07-08,C040,399290,K4,Completed,0,1,5,P012,CH04
1450,2024-12-31,C043,740558,K2,Completed,0,1,3,P028,CH03
1451,2024-09-26,C018,365881,K3,Completed,0,1,3,P030,CH02
1452,2024-05-03,C036,567668,K1,Completed,0,1,4,P029,CH02
1453,2024-07-02,C020,524293,K3,Completed,0,1,3,P014,CH03
1454,2024-02-11,C001,332451,K1,Completed,0,1,3,P021,CH04
1455,2024-08-13,C027,494532,WH_MAIN,Completed,0,1,3,P006,CH04
1456,2024-10-18,C011,731292,WH_MAIN,Completed,0,1,4,P003,CH05
1457,2024-09-27,C038,413276,K1,Completed,0,1,5,P028,CH05
1458,2024-10-10,C003,843834,WH_MAIN,Completed,0,1,3,P009,CH01
1459,2024-10-01,C039,428827,WH_MAIN,Completed,0,1,4,P005,CH02
1460,2024-08-15,C016,317502,K1,Completed,0,1,4,P024,CH05
1461,2024-10-04,C003,496654,K2,Completed,0,1,5,P029,CH04
1462,2024-12-23,C039,571216,K4,Completed,0,1,4,P017,CH03
1463,2024-01-29,C012,310444,WH_MAIN,Returned,1,0,2,P014,CH04
1464,2024-06-23,C034,365708,K3,Completed,0,1,3,P021,CH02
1465,2024-05-27,C037,487670,K3,Completed,0,1,3,P003,CH04
1466,2024-02-03,C048,310280,K3,Returned,1,0,2,P028,CH01
1467,2024-12-01,C006,784305,K1,Completed,0,1,3,P001,CH02
1468,2024-08-24,C040,621500,K3,Completed,0,1,3,P020,CH03
1469,2024-12-12,C042,698854,K2,Completed,0,1,4,P029,CH01
1470,2024-01-06,C047,321617,K2,Completed,0,1,5,P021,CH02
1471,2024-08-27,C026,570034,WH_MAIN,Completed,0,1,3,P023,CH03
1472,2024-11-14,C019,877292,K3,Completed,0,0,5,P001,CH01
1473,2024-08-23,C003,430155,K4,Completed,0,1,4,P003,CH01
1474,2024-03-31,C029,896207,K2,Completed,0,1,3,P018,CH02
1475,2024-01-02,C009,825511,K1,Completed,0,1,3,P025,CH05
1476,2024-08-18,C018,740365,K2,Completed,0,1,4,P010,CH01
1477,2024-02-05,C033,255740,K1,Completed,0,1,5,P022,CH01
1478,2024-09-17,C016,444825,WH_MAIN,Completed,0,1,3,P026,CH03
1479,2024-09-07,C049,624763,K4,Completed,0,1,3,P003,CH04
1480,2024-07-19,C012,659771,WH_MAIN,Completed,0,1,5,P008,CH02
1481,2024-04-09,C036,502920,K1,Completed,0,1,5,P014,CH02
1482,2024-09-24,C026,508388,K2,Returned,1,0,1,P024,CH05
1483,2024-09-02,C048,327197,K3,Completed,0,1,4,P018,CH05
1484,2024-08-02,C039,719414,K2,Completed,0,1,5,P015,CH02
1485,2024-07-13,C025,516634,K4,Completed,0,1,5,P022,CH05
1486,2024-09-08,C014,741650,K4,Completed,0,1,4,P023,CH03
1487,2024-03-21,C034,588475,WH_MAIN,Completed,0,1,5,P002,CH02
1488,2024-11-18,C029,504388,K2,Completed,0,1,4,P027,CH05
1489,2024-06-28,C040,778010,K1,Completed,0,1,4,P010,CH02
1490,2024-07-03,C003,567496,WH_MAIN,Completed,0,1,5,P002,CH04
1491,2024-08-06,C005,745805,K3,Completed,0,0,4,P026,CH01
1492,2024-10-21,C031,764204,K3,Completed,0,1,4,P017,CH02
1493,2024-08-01,C017,280478,K2,Completed,0,1,4,P008,CH01
1494,2024-04-03,C042,678434,K1,Returned,1,0,1,P001,CH05
1495,2024-03-21,C045,573011,K1,Completed,0,1,5,P009,CH01
1496,2024-09-15,C007,419890,K4,Completed,0,0,5,P011,CH02
1497,2024-07-03,C007,440030,K3,Completed,0,1,3,P022,CH04
1498,2024-07-15,C049,423363,K3,Completed,0,1,3,P016,CH05
1499,2024-12-19,C008,649972,K4,Completed,0,1,4,P007,CH02
1500,2024-07-20,C047,270632,K3,Completed,0,1,4,P029,CH05
1501,2024-09-04,C015,284373,K1,Completed,0,1,5,P010,CH03
1502,2024-10-22,C037,709064,WH_MAIN,Completed,0,1,5,P023,CH01
1503,2024-01-09,C045,316371,K3,Completed,0,1,3,P026,CH03
1504,2024-01-08,C028,487977,K2,Completed,0,1,4,P003,CH02
1505,2024-05-03,C049,443132,K4,Completed,0,1,5,P018,CH04
1506,2024-01-10,C050,535995,K3,Completed,0,0,5,P025,CH05
1507,2024-09-15,C039,305040,K3,Completed,0,1,4,P024,CH01
1508,2024-01-17,C010,364797,WH_MAIN,Completed,0,0,4,P013,CH05
1509,2024-02-26,C033,545565,K2,Returned,1,1,1,P028,CH02
1510,2024-10-25,C041,288485,WH_MAIN,Completed,0,1,3,P026,CH05
1511,2024-10-02,C012,416150,WH_MAIN,Completed,0,1,4,P007,CH01
1512,2024-09-03,C021,539005,WH_MAIN,Completed,0,1,4,P025,CH02
1513,2024-07-02,C020,425470,K1,Completed,0,1,5,P004,CH05
1514,2024-08-14,C019,483547,WH_MAIN,Completed,0,1,3,P013,CH04
1515,2024-11-02,C008,718236,WH_MAIN,Completed,0,1,3,P020,CH02
1516,2024-03-10,C005,493512,K3,Completed,0,1,4,P001,CH02
1517,2024-08-12,C034,576691,WH_MAIN,Completed,0,1,4,P008,CH04
1518,2024-01-09,C016,776808,K2,Completed,0,1,5,P014,CH03
1519,2024-09-13,C028,542765,K3,Returned,1,0,3,P016,CH01
1520,2024-09-17,C036,387073,K3,Completed,0,0,4,P014,CH03
1521,2024-01-20,C041,812507,K2,Completed,0,1,4,P012,CH05
1522,2024-01-22,C028,503516,WH_MAIN,Completed,0,1,4,P019,CH04
1523,2024-09-22,C016,413448,K1,Completed,0,1,3,P023,CH03
1524,2024-04-25,C012,394004,K1,Completed,0,1,3,P015,CH02
1525,2024-04-18,C021,694867,K2,Completed,0,1,5,P028,CH05
1526,2024-09-26,C005,757571,WH_MAIN,Completed,0,1,5,P002,CH05
1527,2024-08-22,C013,852892,K4,Completed,0,1,3,P002,CH03
1528,2024-11-06,C009,559346,K2,Completed,0,1,4,P023,CH03
1529,2024-05-13,C017,484170,WH_MAIN,Completed,0,1,5,P022,CH04
1530,2024-11-04,C011,766091,K1,Completed,0,1,4,P019,CH01
1531,2024-05-04,C019,276851,K4,Completed,0,0,4,P025,CH03
1532,2024-08-06,C045,372165,WH_MAIN,Completed,0,1,4,P026,CH03
1533,2024-12-24,C034,832734,K1,Completed,0,1,3,P030,CH02
1534,2024-05-04,C027,489254,K3,Completed,0,1,4,P029,CH05
1535,2024-09-16,C006,524194,K1,Completed,0,1,4,P022,CH01
1536,2024-09-22,C031,358227,K1,Completed,0,1,4,P026,CH02
1537,2024-03-13,C032,346340,K2,Returned,1,0,1,P026,CH04
1538,2024-02-01,C036,256628,K2,Completed,0,1,5,P022,CH04
1539,2024-05-15,C022,807212,K3,Completed,0,1,4,P017,CH03
1540,2024-06-03,C031,345372,K3,Completed,0,1,5,P020,CH03
1541,2024-09-19,C004,783459,K4,Completed,0,1,5,P010,CH04
1542,2024-07-09,C037,710115,K2,Returned,1,0,3,P006,CH03
1543,2024-10-08,C033,629031,K3,Completed,0,0,4,P015,CH01
1544,2024-08-12,C039,661667,K1,Completed,0,1,5,P022,CH03
1545,2024-08-19,C013,719485,K4,Completed,0,1,3,P011,CH05
1546,2024-08-20,C003,315284,WH_MAIN,Completed,0,1,5,P028,CH03
1547,2024-02-04,C049,528877,K2,Completed,0,1,3,P005,CH02
1548,2024-06-28,C013,741859,WH_MAIN,Returned,1,1,3,P001,CH01
1549,2024-06-13,C044,787260,WH_MAIN,Completed,0,1,4,P008,CH02
1550,2024-04-09,C015,387338,WH_MAIN,Returned,1,0,2,P021,CH02
1551,2024-04-15,C035,533668,K4,Completed,0,1,3,P028,CH05
1552,2024-09-13,C023,483690,K1,Completed,0,1,5,P012,CH01
1553,2024-09-29,C044,634744,WH_MAIN,Completed,0,1,4,P012,CH01
1554,2024-05-03,C028,793293,WH_MAIN,Completed,0,1,5,P005,CH01
1555,2024-07-12,C012,662191,K1,Returned,1,0,1,P007,CH01
1556,2024-11-15,C016,731246,K4,Completed,0,1,5,P004,CH01
1557,2024-10-31,C005,626466,K3,Completed,0,1,3,P006,CH05
1558,2024-10-17,C033,744933,K2,Completed,0,1,3,P013,CH03
1559,2024-10-04,C012,280446,K4,Completed,0,1,4,P020,CH02
1560,2024-08-24,C038,291235,K1,Completed,0,1,4,P030,CH01
1561,2024-05-22,C025,493289,K2,Completed,0,1,3,P015,CH03
1562,2024-09-30,C038,694178,K2,Completed,0,1,3,P003,CH03
1563,2024-08-11,C031,665046,K3,Returned,1,0,3,P023,CH02
1564,2024-03-02,C017,733002,K1,Returned,1,0,3,P008,CH05
1565,2024-09-24,C013,669985,K1,Completed,0,1,5,P020,CH04
1566,2024-08-14,C002,455241,K3,Completed,0,1,3,P016,CH04
1567,2024-11-24,C030,253496,K4,Returned,1,0,2,P013,CH03
1568,2024-01-15,C039,469837,K3,Returned,1,0,3,P018,CH02
1569,2024-10-08,C050,746659,K2,Completed,0,1,3,P028,CH04
1570,2024-09-16,C014,372057,K2,Completed,0,1,3,P010,CH03
1571,2024-05-18,C048,769545,K3,Completed,0,1,3,P030,CH05
1572,2024-08-03,C005,487969,K2,Completed,0,1,4,P019,CH04
1573,2024-05-12,C033,519497,K1,Completed,0,1,3,P017,CH03
1574,2024-07-15,C049,349517,K1,Completed,0,1,4,P024,CH03
1575,2024-12-16,C007,346300,K2,Returned,1,1,2,P019,CH01
1576,2024-04-17,C045,453025,K2,Completed,0,1,5,P028,CH05
1577,2024-09-10,C049,672059,K1,Completed,0,1,5,P026,CH01
1578,2024-02-10,C040,681421,WH_MAIN,Returned,1,0,2,P023,CH02
1579,2024-07-29,C044,512503,K1,Completed,0,1,3,P026,CH01
1580,2024-04-02,C043,527910,WH_MAIN,Completed,0,1,4,P005,CH01
1581,2024-09-06,C038,539553,K1,Completed,0,1,4,P026,CH04
1582,2024-09-08,C048,636735,K1,Completed,0,1,3,P021,CH03
1583,2024-10-17,C044,751944,K4,Returned,1,1,1,P030,CH05
1584,2024-07-04,C050,765436,K3,Completed,0,1,4,P023,CH01
1585,2024-12-24,C031,667578,WH_MAIN,Completed,0,1,4,P009,CH05
1586,2024-09-30,C045,634545,K1,Completed,0,1,5,P012,CH01
1587,2024-01-10,C011,710786,K3,Completed,0,1,4,P021,CH02
1588,2024-05-04,C015,799779,WH_MAIN,Completed,0,0,4,P001,CH01
1589,2024-04-07,C025,359839,K3,Completed,0,1,4,P026,CH04
1590,2024-05-18,C030,800517,WH_MAIN,Returned,1,0,2,P026,CH03
1591,2024-04-12,C012,694855,WH_MAIN,Completed,0,1,4,P001,CH02
1592,2024-11-08,C035,760940,WH_MAIN,Completed,0,1,4,P015,CH01
1593,2024-07-30,C014,436841,K4,Returned,1,0,1,P002,CH05
1594,2024-02-15,C008,611865,K2,Returned,1,0,1,P030,CH02
1595,2024-11-17,C006,651343,WH_MAIN,Completed,0,1,5,P022,CH02
1596,2024-08-20,C008,441786,K2,Completed,0,1,4,P016,CH01
1597,2024-12-01,C028,281326,WH_MAIN,Completed,0,1,5,P025,CH02
1598,2024-09-20,C028,414739,K4,Completed,0,1,3,P008,CH05
1599,2024-09-28,C044,419145,K1,Completed,0,1,3,P013,CH02
1600,2024-04-04,C020,610073,K3,Completed,0,1,3,P021,CH05
1601,2024-05-11,C041,778872,WH_MAIN,Completed,0,1,3,P001,CH01
1602,2024-07-06,C047,633931,WH_MAIN,Completed,0,1,4,P016,CH03
1603,2024-05-29,C007,679351,K4,Returned,1,0,1,P029,CH02
1604,2024-10-28,C013,323093,K1,Completed,0,1,3,P007,CH03
1605,2024-09-25,C044,673096,K3,Completed,0,1,3,P005,CH05
1606,2024-06-30,C030,274185,K4,Completed,0,1,5,P022,CH02
1607,2024-08-11,C024,835168,K3,Returned,1,0,1,P029,CH04
1608,2024-12-13,C012,660070,K4,Completed,0,1,4,P023,CH03
1609,2024-08-05,C029,567620,K1,Completed,0,1,4,P003,CH02
1610,2024-10-08,C006,714948,K2,Completed,0,1,5,P012,CH03
1611,2024-08-22,C005,334246,K1,Completed,0,0,5,P026,CH02
1612,2024-09-19,C016,430836,K3,Completed,0,0,4,P016,CH01
1613,2024-08-26,C047,256039,K1,Completed,0,1,5,P019,CH03
1614,2024-06-17,C019,847852,K3,Completed,0,1,4,P005,CH04
1615,2024-09-22,C044,583678,WH_MAIN,Completed,0,1,3,P022,CH04
1616,2024-03-13,C038,656760,K3,Completed,0,1,5,P025,CH05
1617,2024-03-12,C013,681105,WH_MAIN,Completed,0,1,3,P029,CH02
1618,2024-11-04,C034,260378,K1,Completed,0,1,4,P014,CH03
1619,2024-08-22,C045,318112,K1,Completed,0,1,5,P028,CH05
1620,2024-12-05,C036,559187,K2,Returned,1,0,2,P005,CH03
1621,2024-05-05,C050,370307,K2,Returned,1,0,1,P015,CH02
1622,2024-09-08,C031,251582,K1,Completed,0,1,5,P017,CH04
1623,2024-01-25,C041,734718,K2,Completed,0,1,4,P030,CH01
1624,2024-09-25,C048,524466,K2,Completed,0,1,4,P014,CH04
1625,2024-07-02,C047,674358,K3,Returned,1,0,1,P030,CH05
1626,2024-10-17,C049,833240,WH_MAIN,Completed,0,1,3,P020,CH01
1627,2024-08-23,C038,277325,WH_MAIN,Completed,0,1,3,P005,CH05
1628,2024-09-12,C046,796522,WH_MAIN,Completed,0,1,5,P012,CH02
1629,2024-09-28,C033,609355,WH_MAIN,Completed,0,1,5,P016,CH01
1630,2024-02-13,C012,538082,K1,Completed,0,1,3,P026,CH05
1631,2024-08-17,C014,765610,K3,Completed,0,1,3,P026,CH02
1632,2024-07-27,C024,273597,K3,Completed,0,1,3,P016,CH04
1633,2024-02-06,C004,769784,WH_MAIN,Completed,0,1,3,P021,CH02
1634,2024-01-31,C017,662946,K2,Returned,1,0,3,P007,CH03
1635,2024-10-19,C011,772195,K4,Completed,0,1,5,P004,CH02
1636,2024-09-09,C002,740186,K1,Completed,0,1,3,P001,CH02
1637,2024-09-12,C019,682316,K2,Completed,0,1,3,P030,CH03
1638,2024-04-23,C034,742387,K2,Completed,0,1,4,P030,CH05
1639,2024-08-06,C049,527444,K1,Completed,0,1,4,P005,CH05
1640,2024-09-21,C017,693834,WH_MAIN,Completed,0,1,5,P023,CH02
1641,2024-11-28,C035,410897,K3,Completed,0,1,5,P026,CH03
1642,2024-08-13,C044,298546,WH_MAIN,Completed,0,1,5,P010,CH03
1643,2024-10-30,C035,384267,K2,Returned,1,0,3,P022,CH04
1644,2024-07-20,C029,569871,K3,Completed,0,1,4,P005,CH05
1645,2024-11-14,C024,573486,K3,Returned,1,0,3,P004,CH01
1646,2024-08-22,C009,500621,WH_MAIN,Completed,0,1,4,P002,CH05
1647,2024-01-19,C021,715624,K4,Completed,0,0,5,P020,CH05
1648,2024-11-29,C026,304318,K3,Returned,1,0,3,P010,CH04
1649,2024-09-14,C046,534202,K1,Completed,0,1,5,P026,CH01
1650,2024-07-22,C046,813760,WH_MAIN,Completed,0,1,4,P019,CH04
1651,2024-05-13,C044,259356,WH_MAIN,Completed,0,1,4,P026,CH01
1652,2024-03-06,C044,548185,K4,Completed,0,1,3,P001,CH02
1653,2024-09-24,C044,661279,K3,Returned,1,0,2,P024,CH01
1654,2024-08-22,C044,756740,K2,Returned,1,1,1,P005,CH04
1655,2024-07-09,C025,302546,K3,Completed,0,1,4,P013,CH05
1656,2024-10-20,C046,528071,WH_MAIN,Completed,0,1,4,P004,CH01
1657,2024-09-09,C008,877254,K1,Completed,0,1,4,P016,CH01
1658,2024-07-16,C014,296435,K1,Completed,0,1,4,P024,CH03
1659,2024-09-03,C026,798332,K4,Completed,0,0,3,P016,CH05
1660,2024-10-11,C034,605442,K3,Completed,0,1,3,P023,CH02
1661,2024-01-21,C030,497567,K1,Completed,0,0,3,P002,CH04
1662,2024-08-25,C040,793195,K3,Completed,0,1,3,P017,CH02
1663,2024-02-07,C003,586348,K4,Completed,0,1,4,P028,CH05
1664,2024-06-03,C045,681084,K1,Returned,1,0,2,P027,CH01
1665,2024-03-25,C045,702694,K1,Completed,0,1,5,P020,CH01
1666,2024-01-13,C011,546714,K1,Completed,0,1,5,P024,CH05
1667,2024-09-10,C028,580103,WH_MAIN,Completed,0,1,5,P012,CH01
1668,2024-01-27,C015,721672,WH_MAIN,Completed,0,1,5,P018,CH01
1669,2024-01-01,C045,584804,K1,Completed,0,1,3,P003,CH01
1670,2024-06-23,C016,864667,K2,Returned,1,0,3,P028,CH04
1671,2024-08-31,C007,602079,WH_MAIN,Completed,0,1,3,P001,CH04
1672,2024-12-10,C025,704385,WH_MAIN,Completed,0,0,4,P001,CH03
1673,2024-08-15,C027,734388,K1,Completed,0,1,4,P029,CH02
1674,2024-06-20,C016,582355,WH_MAIN,Completed,0,1,3,P019,CH05
1675,2024-02-04,C002,263688,K1,Completed,0,1,5,P011,CH05
1676,2024-07-08,C001,480843,K3,Completed,0,1,4,P005,CH05
1677,2024-06-17,C035,866031,K2,Completed,0,1,5,P012,CH03
1678,2024-02-15,C040,270579,K2,Returned,1,0,2,P003,CH04
1679,2024-12-16,C027,290438,WH_MAIN,Completed,0,1,4,P001,CH03
1680,2024-04-23,C039,258933,K2,Completed,0,1,3,P001,CH05
1681,2024-07-15,C050,365525,K1,Completed,0,1,5,P008,CH02
1682,2024-07-05,C006,695309,K1,Completed,0,1,3,P010,CH01
1683,2024-08-14,C034,763522,K2,Completed,0,1,4,P011,CH04
1684,2024-11-18,C032,540280,K2,Completed,0,1,5,P012,CH04
1685,2024-11-28,C030,497048,K2,Completed,0,1,5,P029,CH03
1686,2024-11-09,C010,679325,K1,Completed,0,1,5,P013,CH04
1687,2024-07-29,C031,753502,K4,Completed,0,1,5,P012,CH05
1688,2024-12-25,C015,316828,K1,Completed,0,1,4,P014,CH05
1689,2024-11-25,C014,733614,K1,Completed,0,1,3,P002,CH03
1690,2024-07-06,C032,416125,K2,Completed,0,0,3,P029,CH05
1691,2024-12-28,C029,451576,K1,Completed,0,1,3,P019,CH02
1692,2024-03-25,C031,778775,K4,Completed,0,1,5,P018,CH03
1693,2024-08-31,C033,352111,WH_MAIN,Completed,0,1,5,P003,CH02
1694,2024-04-23,C048,870757,K2,Completed,0,1,4,P023,CH01
1695,2024-12-06,C015,396615,K3,Completed,0,0,5,P017,CH02
1696,2024-07-09,C008,791067,K4,Completed,0,1,3,P026,CH01
1697,2024-09-08,C028,299964,K2,Completed,0,1,5,P008,CH01
1698,2024-07-02,C040,616383,WH_MAIN,Completed,0,1,5,P029,CH02
1699,2024-03-05,C003,592070,K1,Completed,0,0,3,P026,CH03
1700,2024-03-28,C008,799460,WH_MAIN,Completed,0,1,4,P010,CH05
1701,2024-04-13,C049,834504,K1,Returned,1,0,2,P026,CH05
1702,2024-05-03,C029,713786,WH_MAIN,Completed,0,1,5,P030,CH01
1703,2024-08-10,C044,491394,K4,Completed,0,0,5,P002,CH01
1704,2024-09-16,C038,821650,K4,Completed,0,1,3,P019,CH03
1705,2024-08-28,C015,335612,K1,Completed,0,1,3,P009,CH04
1706,2024-11-15,C028,870211,K2,Completed,0,1,5,P007,CH02
1707,2024-05-23,C037,258320,WH_MAIN,Completed,0,1,4,P004,CH01
1708,2024-08-24,C032,765568,K2,Returned,1,0,3,P026,CH05
1709,2024-03-15,C027,521616,K1,Completed,0,1,3,P021,CH03
1710,2024-06-28,C021,619491,K3,Completed,0,1,3,P018,CH02
1711,2024-06-02,C014,721457,K2,Completed,0,1,5,P013,CH03
1712,2024-12-30,C021,634711,K4,Completed,0,1,3,P011,CH02
1713,2024-08-11,C022,859570,K4,Completed,0,0,4,P029,CH02
1714,2024-02-12,C033,821316,K2,Returned,1,1,3,P024,CH01
1715,2024-08-04,C022,388674,K4,Completed,0,1,3,P004,CH03
1716,2024-07-14,C022,621300,K3,Completed,0,1,3,P025,CH03
1717,2024-10-29,C034,868860,K1,Returned,1,0,2,P021,CH05
1718,2024-08-18,C023,652838,K3,Completed,0,0,3,P029,CH05
1719,2024-06-20,C050,575733,K2,Completed,0,1,4,P025,CH01
1720,2024-11-09,C044,810093,WH_MAIN,Completed,0,1,5,P004,CH01
1721,2024-04-23,C035,743415,K4,Completed,0,1,5,P010,CH04
1722,2024-03-12,C005,874931,K4,Completed,0,1,4,P005,CH05
1723,2024-07-20,C050,606411,K1,Completed,0,1,4,P009,CH02
1724,2024-05-23,C025,285642,K3,Completed,0,1,4,P024,CH03
1725,2024-09-21,C048,542230,K3,Returned,1,1,1,P003,CH01
1726,2024-05-06,C014,868532,K2,Returned,1,0,3,P017,CH03
1727,2024-07-13,C021,449942,K3,Completed,0,1,3,P003,CH03
1728,2024-08-08,C035,425888,K3,Returned,1,0,1,P016,CH04
1729,2024-10-09,C036,471241,K2,Completed,0,0,5,P004,CH05
1730,2024-09-09,C012,545927,K3,Completed,0,1,5,P018,CH01
1731,2024-08-07,C002,738059,K4,Completed,0,1,4,P017,CH03
1732,2024-06-29,C029,726091,K4,Completed,0,1,3,P007,CH01
1733,2024-10-20,C007,844727,WH_MAIN,Completed,0,1,4,P024,CH02
1734,2024-03-07,C002,274060,K2,Completed,0,1,3,P023,CH04
1735,2024-09-04,C021,744758,K3,Completed,0,0,4,P030,CH02
1736,2024-11-08,C039,726405,K4,Returned,1,0,2,P005,CH01
1737,2024-11-14,C033,670320,WH_MAIN,Completed,0,1,3,P012,CH01
1738,2024-11-14,C031,553277,K2,Completed,0,1,5,P017,CH05
1739,2024-12-11,C050,371388,K2,Completed,0,1,3,P023,CH03
1740,2024-10-30,C024,276125,K1,Completed,0,1,3,P013,CH03
1741,2024-11-23,C031,533355,K2,Returned,1,0,1,P023,CH02
1742,2024-05-13,C002,463581,K2,Completed,0,1,4,P025,CH04
1743,2024-12-05,C022,442210,K3,Completed,0,1,3,P003,CH03
1744,2024-11-19,C045,746911,WH_MAIN,Completed,0,1,3,P009,CH05
1745,2024-09-30,C045,714105,WH_MAIN,Completed,0,1,3,P030,CH02
1746,2024-09-09,C041,764024,K1,Completed,0,1,5,P017,CH02
1747,2024-01-04,C008,475164,K2,Completed,0,1,3,P017,CH05
1748,2024-12-01,C048,553470,K1,Completed,0,1,5,P030,CH04
1749,2024-08-15,C046,880144,K2,Completed,0,1,4,P020,CH05
1750,2024-05-17,C036,670637,K4,Completed,0,1,4,P016,CH04
1751,2024-04-05,C023,454748,K4,Completed,0,1,3,P025,CH05
1752,2024-07-02,C026,512828,K4,Completed,0,1,5,P022,CH05
1753,2024-09-07,C029,676190,K2,Completed,0,0,5,P013,CH01
1754,2024-02-23,C033,568962,K1,Returned,1,1,1,P027,CH02
1755,2024-09-24,C037,334064,K4,Completed,0,1,4,P019,CH05
1756,2024-04-22,C024,312713,K4,Completed,0,1,3,P017,CH05
1757,2024-09-13,C020,641639,K3,Completed,0,0,5,P004,CH03
1758,2024-08-31,C001,723463,WH_MAIN,Completed,0,1,4,P012,CH02
1759,2024-10-25,C020,832724,K4,Completed,0,1,4,P029,CH03
1760,2024-03-10,C019,294939,WH_MAIN,Returned,1,0,1,P009,CH02
1761,2024-06-11,C045,365100,WH_MAIN,Returned,1,0,2,P019,CH03
1762,2024-08-30,C026,569546,K1,Completed,0,1,3,P012,CH05
1763,2024-06-03,C006,730552,K1,Completed,0,1,5,P009,CH05
1764,2024-07-28,C038,585775,K2,Completed,0,0,4,P007,CH01
1765,2024-08-23,C007,315380,K3,Completed,0,1,5,P028,CH03
1766,2024-06-07,C012,413157,WH_MAIN,Completed,0,1,4,P014,CH04
1767,2024-09-10,C048,642455,K1,Completed,0,1,4,P020,CH01
1768,2024-08-15,C031,335927,K4,Completed,0,1,5,P019,CH03
1769,2024-11-23,C050,895742,K3,Returned,1,0,3,P026,CH03
1770,2024-08-26,C032,510646,K4,Returned,1,0,3,P015,CH01
1771,2024-09-25,C014,669493,WH_MAIN,Completed,0,1,3,P016,CH05
1772,2024-07-10,C035,756140,K1,Completed,0,1,5,P021,CH03
1773,2024-05-04,C044,766328,K3,Completed,0,1,5,P005,CH05
1774,2024-07-18,C048,440718,K1,Completed,0,1,4,P003,CH01
1775,2024-04-09,C041,692653,K1,Completed,0,1,5,P012,CH05
1776,2024-07-10,C049,522862,K2,Completed,0,1,5,P025,CH02
1777,2024-09-04,C037,542223,WH_MAIN,Completed,0,1,4,P020,CH04
1778,2024-10-06,C012,316793,K1,Completed,0,1,4,P027,CH03
1779,2024-07-24,C015,484741,K4,Completed,0,1,5,P021,CH04
1780,2024-03-03,C032,860263,WH_MAIN,Completed,0,1,4,P004,CH05
1781,2024-07-25,C004,434456,WH_MAIN,Completed,0,1,4,P021,CH03
1782,2024-09-08,C025,451754,K1,Completed,0,1,3,P023,CH05
1783,2024-09-08,C025,621554,K2,Completed,0,1,4,P016,CH02
1784,2024-08-01,C028,469214,K4,Completed,0,1,3,P025,CH01
1785,2024-12-26,C028,332259,WH_MAIN,Completed,0,1,4,P007,CH03
1786,2024-08-06,C042,385316,K3,Completed,0,1,4,P013,CH02
1787,2024-09-25,C039,837251,WH_MAIN,Completed,0,1,5,P021,CH02
1788,2024-07-13,C018,598286,K3,Completed,0,1,4,P010,CH03
1789,2024-11-29,C028,632284,K1,Returned,1,0,2,P026,CH05
1790,2024-08-22,C021,364352,K3,Completed,0,1,5,P007,CH02
1791,2024-09-03,C002,592272,K1,Completed,0,0,3,P014,CH04
1792,2024-03-01,C047,432244,K3,Completed,0,1,3,P026,CH02
1793,2024-11-25,C004,830041,K1,Completed,0,1,4,P005,CH05
1794,2024-08-22,C004,898860,K2,Completed,0,1,3,P003,CH05
1795,2024-08-20,C023,560393,K1,Completed,0,1,5,P023,CH04
1796,2024-04-18,C043,437667,K1,Completed,0,1,5,P029,CH02
1797,2024-04-18,C030,801975,K1,Completed,0,1,3,P011,CH05
1798,2024-10-17,C014,832009,K3,Completed,0,0,3,P011,CH03
1799,2024-10-31,C046,532620,K2,Completed,0,1,3,P018,CH01
1800,2024-12-22,C039,688431,K2,Completed,0,1,4,P015,CH01
1801,2024-11-03,C038,539806,K3,Returned,1,0,2,P012,CH01
1802,2024-07-31,C041,713757,K1,Completed,0,1,3,P009,CH02
1803,2024-08-08,C045,803394,K1,Completed,0,1,5,P010,CH04
1804,2024-07-12,C012,437205,K1,Completed,0,1,5,P026,CH05
1805,2024-07-28,C003,846428,K3,Returned,1,0,2,P012,CH03
1806,2024-11-10,C027,626544,K2,Completed,0,1,3,P017,CH03
1807,2024-09-09,C017,457649,K3,Completed,0,1,5,P029,CH02
1808,2024-10-14,C007,324721,K4,Completed,0,1,4,P006,CH01
1809,2024-05-07,C015,688692,K4,Returned,1,0,2,P007,CH02
1810,2024-10-21,C032,806388,K3,Completed,0,1,3,P014,CH04
1811,2024-07-18,C036,508899,K4,Completed,0,1,4,P013,CH04
1812,2024-10-08,C025,766006,WH_MAIN,Completed,0,1,5,P008,CH05
1813,2024-12-02,C028,446507,K4,Returned,1,1,3,P010,CH05
1814,2024-07-13,C007,339608,K4,Completed,0,0,4,P009,CH04
1815,2024-09-23,C043,296355,K1,Completed,0,1,3,P018,CH04
1816,2024-07-31,C016,874500,K1,Completed,0,1,4,P027,CH04
1817,2024-09-29,C029,690984,K4,Completed,0,1,3,P026,CH02
1818,2024-07-28,C006,682867,K1,Completed,0,0,4,P002,CH04
1819,2024-02-20,C023,639915,WH_MAIN,Completed,0,1,3,P005,CH03
1820,2024-08-23,C015,885502,WH_MAIN,Completed,0,1,4,P029,CH01
1821,2024-11-19,C029,835807,WH_MAIN,Completed,0,1,5,P005,CH04
1822,2024-11-27,C022,678958,K3,Completed,0,1,4,P006,CH01
1823,2024-02-03,C037,683865,K1,Completed,0,1,4,P019,CH02
1824,2024-11-27,C016,790539,K1,Returned,1,0,1,P008,CH01
1825,2024-04-24,C028,427790,K4,Completed,0,1,5,P016,CH02
1826,2024-01-06,C032,764823,K4,Completed,0,1,4,P013,CH03
1827,2024-02-21,C031,611186,K3,Completed,0,1,4,P001,CH02
1828,2024-11-16,C042,732314,K2,Completed,0,1,3,P022,CH02
1829,2024-02-24,C004,715147,K4,Completed,0,1,5,P020,CH05
1830,2024-10-25,C039,463078,K1,Completed,0,1,3,P017,CH04
1831,2024-07-02,C004,611330,K4,Completed,0,1,5,P007,CH04
1832,2024-07-27,C036,542223,K4,Completed,0,1,5,P025,CH03
1833,2024-06-29,C049,411627,K2,Completed,0,1,3,P013,CH03
1834,2024-07-10,C016,339488,WH_MAIN,Completed,0,1,5,P004,CH04
1835,2024-07-21,C001,758677,K4,Returned,1,1,2,P004,CH05
1836,2024-09-29,C002,764562,K2,Completed,0,1,5,P006,CH04
1837,2024-12-10,C044,627972,WH_MAIN,Completed,0,1,4,P028,CH05
1838,2024-06-07,C001,596578,K3,Returned,1,1,3,P019,CH03
1839,2024-06-19,C003,364802,K2,Returned,1,0,1,P029,CH01
1840,2024-07-01,C047,440300,K3,Returned,1,0,3,P012,CH03
1841,2024-03-29,C033,798140,K4,Completed,0,1,4,P022,CH03
1842,2024-02-29,C026,258483,K3,Completed,0,1,5,P007,CH02
1843,2024-09-14,C002,342475,K3,Completed,0,1,4,P027,CH02
1844,2024-10-04,C033,423108,K1,Completed,0,0,5,P010,CH02
1845,2024-10-08,C016,717476,K1,Completed,0,1,4,P026,CH02
1846,2024-06-28,C046,767792,K2,Returned,1,1,1,P019,CH05
1847,2024-10-07,C050,719131,K1,Completed,0,1,4,P007,CH04
1848,2024-06-21,C028,398719,WH_MAIN,Completed,0,1,4,P030,CH01
1849,2024-02-02,C037,874898,K1,Completed,0,1,4,P003,CH03
1850,2024-07-06,C046,509701,K2,Completed,0,1,5,P013,CH05
1851,2024-10-01,C014,541712,K4,Completed,0,1,5,P013,CH01
1852,2024-06-10,C031,887668,K2,Completed,0,1,3,P018,CH05
1853,2024-07-18,C008,876259,K2,Completed,0,1,4,P028,CH05
1854,2024-10-04,C030,492004,WH_MAIN,Completed,0,1,3,P030,CH03
1855,2024-07-31,C026,878287,K1,Completed,0,1,4,P026,CH04
1856,2024-06-15,C025,479773,K3,Completed,0,1,3,P020,CH02
1857,2024-12-03,C008,344640,K1,Completed,0,1,4,P028,CH04
1858,2024-05-07,C037,641783,K1,Completed,0,1,3,P008,CH03
1859,2024-06-18,C008,453199,K1,Completed,0,1,4,P029,CH03
1860,2024-11-24,C001,319468,WH_MAIN,Completed,0,0,3,P009,CH03
1861,2024-02-09,C020,650062,K4,Returned,1,0,1,P007,CH01
1862,2024-02-07,C009,401028,K4,Completed,0,1,3,P001,CH04
1863,2024-03-15,C042,343691,K2,Returned,1,0,1,P003,CH04
1864,2024-06-20,C028,864811,K1,Completed,0,1,4,P013,CH05
1865,2024-09-23,C012,451837,WH_MAIN,Completed,0,1,4,P028,CH05
1866,2024-01-31,C035,418958,WH_MAIN,Completed,0,1,4,P030,CH05
1867,2024-07-17,C007,630232,K1,Completed,0,0,4,P025,CH03
1868,2024-10-20,C029,825355,K1,Completed,0,1,5,P028,CH04
1869,2024-04-07,C003,899098,K2,Completed,0,1,4,P017,CH03
1870,2024-12-14,C016,508556,K3,Returned,1,0,2,P025,CH01
1871,2024-09-19,C002,626977,K1,Completed,0,1,3,P024,CH05
1872,2024-11-28,C014,891607,K1,Completed,0,1,4,P001,CH03
1873,2024-10-09,C049,459946,K2,Completed,0,1,3,P006,CH03
1874,2024-07-07,C018,286512,K2,Completed,0,1,5,P021,CH01
1875,2024-10-06,C025,801713,K2,Completed,0,1,5,P006,CH02
1876,2024-08-06,C022,859688,K4,Completed,0,1,5,P026,CH04
1877,2024-07-27,C009,263283,K2,Returned,1,0,3,P012,CH02
1878,2024-03-11,C038,318167,K4,Completed,0,1,4,P013,CH05
1879,2024-04-11,C038,501178,K3,Completed,0,0,5,P013,CH03
1880,2024-07-30,C003,572720,WH_MAIN,Completed,0,0,3,P029,CH01
1881,2024-01-20,C029,445769,K4,Returned,1,1,2,P015,CH01
1882,2024-02-05,C024,285906,K3,Completed,0,1,5,P021,CH04
1883,2024-05-22,C013,762357,K3,Completed,0,0,3,P016,CH02
1884,2024-05-10,C047,472196,WH_MAIN,Completed,0,1,3,P022,CH04
1885,2024-05-30,C030,814877,K1,Completed,0,0,3,P021,CH03
1886,2024-10-11,C002,826676,WH_MAIN,Completed,0,1,4,P011,CH04
1887,2024-05-15,C009,793874,K2,Completed,0,0,3,P028,CH01
1888,2024-01-09,C038,795461,WH_MAIN,Completed,0,1,5,P005,CH01
1889,2024-06-27,C034,454609,K3,Completed,0,1,5,P004,CH05
1890,2024-07-10,C035,730063,WH_MAIN,Completed,0,1,3,P003,CH05
1891,2024-08-17,C041,719167,WH_MAIN,Completed,0,1,3,P019,CH03
1892,2024-07-15,C016,739859,K1,Completed,0,1,3,P020,CH02
1893,2024-09-29,C004,458593,K2,Completed,0,0,4,P025,CH04
1894,2024-03-31,C039,805919,K3,Completed,0,1,3,P018,CH03
1895,2024-02-07,C032,582381,WH_MAIN,Completed,0,1,4,P015,CH05
1896,2024-08-26,C017,883857,WH_MAIN,Completed,0,1,3,P009,CH04
1897,2024-06-09,C010,415503,K1,Completed,0,0,3,P017,CH05
1898,2024-02-27,C043,642469,K3,Completed,0,1,4,P014,CH04
1899,2024-06-02,C011,788410,K1,Completed,0,1,5,P015,CH02
1900,2024-09-15,C003,818084,WH_MAIN,Completed,0,1,3,P001,CH03
1901,2024-11-25,C014,390941,WH_MAIN,Completed,0,0,3,P021,CH04
1902,2024-02-05,C016,736374,K2,Completed,0,1,4,P022,CH01
1903,2024-08-01,C019,809437,K2,Completed,0,1,4,P022,CH01
1904,2024-07-25,C027,663354,WH_MAIN,Completed,0,1,3,P003,CH04
1905,2024-08-04,C029,389437,K4,Completed,0,1,4,P016,CH04
1906,2024-10-11,C036,338219,WH_MAIN,Completed,0,1,5,P023,CH04
1907,2024-06-08,C005,832600,K4,Completed,0,1,5,P025,CH01
1908,2024-10-15,C050,283844,K3,Completed,0,1,5,P011,CH01
1909,2024-07-22,C016,858475,WH_MAIN,Completed,0,1,4,P012,CH04
1910,2024-08-06,C046,510919,K2,Returned,1,0,1,P010,CH05
1911,2024-09-03,C006,387975,WH_MAIN,Completed,0,1,3,P016,CH05
1912,2024-06-12,C013,374221,K1,Returned,1,0,3,P008,CH02
1913,2024-04-08,C036,732590,K1,Completed,0,1,4,P006,CH03
1914,2024-08-19,C014,489243,K2,Completed,0,1,5,P012,CH05
1915,2024-03-15,C043,398018,WH_MAIN,Completed,0,1,3,P024,CH01
1916,2024-06-25,C033,402392,K2,Completed,0,1,3,P028,CH05
1917,2024-05-15,C024,378095,K2,Completed,0,1,3,P021,CH02
1918,2024-05-11,C037,364704,WH_MAIN,Completed,0,0,3,P008,CH02
1919,2024-10-11,C010,315652,K4,Completed,0,1,5,P026,CH03
1920,2024-07-26,C002,262340,K2,Completed,0,1,4,P028,CH05
1921,2024-09-25,C039,847935,WH_MAIN,Completed,0,1,5,P004,CH01
1922,2024-04-09,C031,474346,K3,Completed,0,1,4,P026,CH01
1923,2024-06-08,C018,594540,K2,Completed,0,1,4,P008,CH04
1924,2024-12-17,C036,675745,K2,Completed,0,1,4,P026,CH01
1925,2024-08-06,C008,589426,WH_MAIN,Completed,0,1,4,P028,CH03
1926,2024-12-10,C011,456919,WH_MAIN,Completed,0,1,5,P018,CH03
1927,2024-04-11,C002,381414,WH_MAIN,Completed,0,1,5,P028,CH01
1928,2024-10-29,C038,638822,WH_MAIN,Completed,0,1,4,P028,CH01
1929,2024-12-12,C034,671082,K3,Completed,0,1,4,P005,CH04
1930,2024-05-02,C027,308563,WH_MAIN,Completed,0,1,3,P009,CH01
1931,2024-07-10,C029,427667,K2,Completed,0,1,5,P004,CH04
1932,2024-03-10,C005,747000,WH_MAIN,Completed,0,1,5,P027,CH04
1933,2024-09-18,C003,808781,K1,Completed,0,1,4,P022,CH01
1934,2024-10-22,C018,813533,K1,Returned,1,0,3,P017,CH02
1935,2024-07-16,C034,788781,WH_MAIN,Completed,0,1,3,P009,CH02
1936,2024-10-23,C036,717955,K1,Completed,0,1,3,P001,CH04
1937,2024-07-06,C004,829938,K4,Completed,0,1,4,P021,CH01
1938,2024-10-27,C027,749254,K4,Completed,0,1,4,P020,CH02
1939,2024-08-17,C028,713752,K2,Completed,0,1,4,P013,CH01
1940,2024-10-01,C037,885213,K2,Completed,0,1,5,P028,CH01
1941,2024-12-27,C033,419024,K1,Completed,0,1,3,P016,CH01
1942,2024-11-11,C014,820706,K2,Completed,0,0,5,P029,CH05
1943,2024-09-04,C031,253794,K1,Completed,0,1,5,P013,CH01
1944,2024-08-31,C031,348250,WH_MAIN,Completed,0,1,4,P014,CH05
1945,2024-05-06,C045,841616,WH_MAIN,Completed,0,1,5,P003,CH04
1946,2024-07-31,C015,322466,K2,Completed,0,1,5,P029,CH02
1947,2024-11-11,C041,677974,K2,Completed,0,1,4,P006,CH02
1948,2024-09-23,C012,743510,K2,Returned,1,0,1,P018,CH02
1949,2024-04-09,C003,788363,K2,Completed,0,0,5,P019,CH02
1950,2024-11-28,C027,650504,WH_MAIN,Completed,0,1,3,P005,CH02
1951,2024-06-25,C045,837446,K2,Completed,0,1,4,P015,CH02
1952,2024-04-30,C005,595782,WH_MAIN,Completed,0,1,3,P025,CH02
1953,2024-11-24,C025,290639,K4,Completed,0,1,5,P002,CH04
1954,2024-06-24,C008,415273,K4,Completed,0,1,5,P010,CH01
1955,2024-03-18,C009,816948,WH_MAIN,Completed,0,1,5,P024,CH03
1956,2024-11-04,C033,687350,K1,Completed,0,0,4,P030,CH05
1957,2024-03-02,C046,582841,K2,Completed,0,1,4,P018,CH03
1958,2024-04-10,C045,273377,WH_MAIN,Completed,0,1,3,P027,CH03
1959,2024-12-26,C016,363030,K1,Completed,0,1,5,P013,CH01
1960,2024-08-19,C032,352766,K4,Completed,0,1,4,P005,CH01
1961,2024-08-08,C019,525273,K2,Completed,0,0,3,P023,CH01
1962,2024-08-09,C031,870099,WH_MAIN,Completed,0,1,4,P024,CH02
1963,2024-12-08,C040,563082,WH_MAIN,Completed,0,1,4,P001,CH04
1964,2024-01-24,C007,398431,K3,Returned,1,0,1,P022,CH02
1965,2024-06-21,C033,390254,K3,Completed,0,1,3,P001,CH04
1966,2024-01-02,C032,797741,K1,Completed,0,1,4,P018,CH04
1967,2024-07-03,C044,564547,K1,Completed,0,1,5,P015,CH03
1968,2024-10-20,C010,680337,K4,Completed,0,1,3,P017,CH03
1969,2024-10-02,C028,700767,K2,Completed,0,1,4,P011,CH04
1970,2024-02-07,C047,293624,K2,Completed,0,1,5,P021,CH04
1971,2024-04-06,C015,371225,K2,Completed,0,1,4,P026,CH02
1972,2024-08-25,C036,470616,WH_MAIN,Completed,0,1,5,P025,CH02
1973,2024-07-28,C034,827329,K2,Completed,0,1,3,P022,CH03
1974,2024-05-20,C015,888107,K4,Completed,0,1,3,P027,CH01
1975,2024-10-29,C001,685769,K1,Completed,0,1,5,P027,CH04
1976,2024-06-20,C011,662336,K2,Completed,0,1,4,P017,CH02
1977,2024-07-28,C005,276016,K2,Completed,0,1,5,P013,CH03
1978,2024-03-11,C006,766780,K1,Completed,0,1,3,P001,CH02
1979,2024-05-04,C015,347722,K1,Completed,0,0,5,P002,CH04
1980,2024-12-13,C006,650740,WH_MAIN,Completed,0,1,3,P009,CH04
1981,2024-08-14,C005,752076,WH_MAIN,Completed,0,1,4,P003,CH05
1982,2024-02-14,C049,426871,K4,Completed,0,0,3,P001,CH01
1983,2024-02-10,C012,687102,K1,Completed,0,1,3,P021,CH05
1984,2024-09-26,C012,701482,K4,Completed,0,1,3,P016,CH03
1985,2024-03-09,C044,444579,K1,Completed,0,1,4,P023,CH02
1986,2024-03-06,C031,753660,WH_MAIN,Completed,0,0,4,P006,CH03
1987,2024-09-07,C027,512418,WH_MAIN,Completed,0,1,3,P028,CH04
1988,2024-04-22,C039,680245,WH_MAIN,Completed,0,1,4,P017,CH05
1989,2024-08-09,C037,292699,K3,Completed,0,1,3,P005,CH05
1990,2024-03-16,C001,685313,K4,Completed,0,1,3,P005,CH05
1991,2024-03-28,C028,491789,K2,Completed,0,1,3,P006,CH03
1992,2024-08-18,C018,645465,K2,Completed,0,1,4,P003,CH04
1993,2024-01-19,C027,768589,K2,Completed,0,1,5,P021,CH02
1994,2024-09-21,C029,375452,WH_MAIN,Completed,0,1,3,P023,CH02
1995,2024-03-13,C044,619616,K2,Completed,0,1,4,P005,CH03
1996,2024-12-29,C042,568456,K4,Completed,0,1,4,P021,CH05
1997,2024-06-11,C031,300955,K3,Completed,0,1,5,P005,CH01
1998,2024-06-03,C048,517353,K3,Completed,0,1,3,P010,CH03
1999,2024-06-05,C021,682345,K4,Completed,0,0,4,P010,CH03
2000,2024-08-27,C047,817379,K2,Completed,0,1,3,P019,CH04
