Date,Year,Quarter,Month,MonthName,Day,DayOfWeek,WeekOfYear
2024-01-01,2024,1,1,Jan,1,1,1
2024-01-02,2024,1,1,Jan,2,2,1
2024-01-03,2024,1,1,Jan,3,3,1
2024-01-04,2024,1,1,Jan,4,4,1
2024-01-05,2024,1,1,Jan,5,5,1
2024-01-06,2024,1,1,Jan,6,6,1
2024-01-07,2024,1,1,Jan,7,7,1
2024-01-08,2024,1,1,Jan,8,1,2
2024-01-09,2024,1,1,Jan,9,2,2
2024-01-10,2024,1,1,Jan,10,3,2
2024-01-11,2024,1,1,Jan,11,4,2
2024-01-12,2024,1,1,Jan,12,5,2
2024-01-13,2024,1,1,Jan,13,6,2
2024-01-14,2024,1,1,Jan,14,7,2
2024-01-15,2024,1,1,Jan,15,1,3
2024-01-16,2024,1,1,Jan,16,2,3
2024-01-17,2024,1,1,Jan,17,3,3
2024-01-18,2024,1,1,Jan,18,4,3
2024-01-19,2024,1,1,Jan,19,5,3
2024-01-20,2024,1,1,Jan,20,6,3
2024-01-21,2024,1,1,Jan,21,7,3
2024-01-22,2024,1,1,Jan,22,1,4
2024-01-23,2024,1,1,Jan,23,2,4
2024-01-24,2024,1,1,Jan,24,3,4
2024-01-25,2024,1,1,Jan,25,4,4
2024-01-26,2024,1,1,Jan,26,5,4
2024-01-27,2024,1,1,Jan,27,6,4
2024-01-28,2024,1,1,Jan,28,7,4
2024-01-29,2024,1,1,Jan,29,1,5
2024-01-30,2024,1,1,Jan,30,2,5
2024-01-31,2024,1,1,Jan,31,3,5
2024-02-01,2024,1,2,Feb,1,4,5
2024-02-02,2024,1,2,Feb,2,5,5
2024-02-03,2024,1,2,Feb,3,6,5
2024-02-04,2024,1,2,Feb,4,7,5
2024-02-05,2024,1,2,Feb,5,1,6
2024-02-06,2024,1,2,Feb,6,2,6
2024-02-07,2024,1,2,Feb,7,3,6
2024-02-08,2024,1,2,Feb,8,4,6
2024-02-09,2024,1,2,Feb,9,5,6
2024-02-10,2024,1,2,Feb,10,6,6
2024-02-11,2024,1,2,Feb,11,7,6
2024-02-12,2024,1,2,Feb,12,1,7
2024-02-13,2024,1,2,Feb,13,2,7
2024-02-14,2024,1,2,Feb,14,3,7
2024-02-15,2024,1,2,Feb,15,4,7
2024-02-16,2024,1,2,Feb,16,5,7
2024-02-17,2024,1,2,Feb,17,6,7
2024-02-18,2024,1,2,Feb,18,7,7
2024-02-19,2024,1,2,Feb,19,1,8
2024-02-20,2024,1,2,Feb,20,2,8
2024-02-21,2024,1,2,Feb,21,3,8
2024-02-22,2024,1,2,Feb,22,4,8
2024-02-23,2024,1,2,Feb,23,5,8
2024-02-24,2024,1,2,Feb,24,6,8
2024-02-25,2024,1,2,Feb,25,7,8
2024-02-26,2024,1,2,Feb,26,1,9
2024-02-27,2024,1,2,Feb,27,2,9
2024-02-28,2024,1,2,Feb,28,3,9
2024-02-29,2024,1,2,Feb,29,4,9
2024-03-01,2024,1,3,Mar,1,5,9
2024-03-02,2024,1,3,Mar,2,6,9
2024-03-03,2024,1,3,Mar,3,7,9
2024-03-04,2024,1,3,Mar,4,1,10
2024-03-05,2024,1,3,Mar,5,2,10
2024-03-06,2024,1,3,Mar,6,3,10
2024-03-07,2024,1,3,Mar,7,4,10
2024-03-08,2024,1,3,Mar,8,5,10
2024-03-09,2024,1,3,Mar,9,6,10
2024-03-10,2024,1,3,Mar,10,7,10
2024-03-11,2024,1,3,Mar,11,1,11
2024-03-12,2024,1,3,Mar,12,2,11
2024-03-13,2024,1,3,Mar,13,3,11
2024-03-14,2024,1,3,Mar,14,4,11
2024-03-15,2024,1,3,Mar,15,5,11
2024-03-16,2024,1,3,Mar,16,6,11
2024-03-17,2024,1,3,Mar,17,7,11
2024-03-18,2024,1,3,Mar,18,1,12
2024-03-19,2024,1,3,Mar,19,2,12
2024-03-20,2024,1,3,Mar,20,3,12
2024-03-21,2024,1,3,Mar,21,4,12
2024-03-22,2024,1,3,Mar,22,5,12
2024-03-23,2024,1,3,Mar,23,6,12
2024-03-24,2024,1,3,Mar,24,7,12
2024-03-25,2024,1,3,Mar,25,1,13
2024-03-26,2024,1,3,Mar,26,2,13
2024-03-27,2024,1,3,Mar,27,3,13
2024-03-28,2024,1,3,Mar,28,4,13
2024-03-29,2024,1,3,Mar,29,5,13
2024-03-30,2024,1,3,Mar,30,6,13
2024-03-31,2024,1,3,Mar,31,7,13
2024-04-01,2024,2,4,Apr,1,1,14
2024-04-02,2024,2,4,Apr,2,2,14
2024-04-03,2024,2,4,Apr,3,3,14
2024-04-04,2024,2,4,Apr,4,4,14
2024-04-05,2024,2,4,Apr,5,5,14
2024-04-06,2024,2,4,Apr,6,6,14
2024-04-07,2024,2,4,Apr,7,7,14
2024-04-08,2024,2,4,Apr,8,1,15
2024-04-09,2024,2,4,Apr,9,2,15
2024-04-10,2024,2,4,Apr,10,3,15
2024-04-11,2024,2,4,Apr,11,4,15
2024-04-12,2024,2,4,Apr,12,5,15
2024-04-13,2024,2,4,Apr,13,6,15
2024-04-14,2024,2,4,Apr,14,7,15
2024-04-15,2024,2,4,Apr,15,1,16
2024-04-16,2024,2,4,Apr,16,2,16
2024-04-17,2024,2,4,Apr,17,3,16
2024-04-18,2024,2,4,Apr,18,4,16
2024-04-19,2024,2,4,Apr,19,5,16
2024-04-20,2024,2,4,Apr,20,6,16
2024-04-21,2024,2,4,Apr,21,7,16
2024-04-22,2024,2,4,Apr,22,1,17
2024-04-23,2024,2,4,Apr,23,2,17
2024-04-24,2024,2,4,Apr,24,3,17
2024-04-25,2024,2,4,Apr,25,4,17
2024-04-26,2024,2,4,Apr,26,5,17
2024-04-27,2024,2,4,Apr,27,6,17
2024-04-28,2024,2,4,Apr,28,7,17
2024-04-29,2024,2,4,Apr,29,1,18
2024-04-30,2024,2,4,Apr,30,2,18
2024-05-01,2024,2,5,May,1,3,18
2024-05-02,2024,2,5,May,2,4,18
2024-05-03,2024,2,5,May,3,5,18
2024-05-04,2024,2,5,May,4,6,18
2024-05-05,2024,2,5,May,5,7,18
2024-05-06,2024,2,5,May,6,1,19
2024-05-07,2024,2,5,May,7,2,19
2024-05-08,2024,2,5,May,8,3,19
2024-05-09,2024,2,5,May,9,4,19
2024-05-10,2024,2,5,May,10,5,19
2024-05-11,2024,2,5,May,11,6,19
2024-05-12,2024,2,5,May,12,7,19
2024-05-13,2024,2,5,May,13,1,20
2024-05-14,2024,2,5,May,14,2,20
2024-05-15,2024,2,5,May,15,3,20
2024-05-16,2024,2,5,May,16,4,20
2024-05-17,2024,2,5,May,17,5,20
2024-05-18,2024,2,5,May,18,6,20
2024-05-19,2024,2,5,May,19,7,20
2024-05-20,2024,2,5,May,20,1,21
2024-05-21,2024,2,5,May,21,2,21
2024-05-22,2024,2,5,May,22,3,21
2024-05-23,2024,2,5,May,23,4,21
2024-05-24,2024,2,5,May,24,5,21
2024-05-25,2024,2,5,May,25,6,21
2024-05-26,2024,2,5,May,26,7,21
2024-05-27,2024,2,5,May,27,1,22
2024-05-28,2024,2,5,May,28,2,22
2024-05-29,2024,2,5,May,29,3,22
2024-05-30,2024,2,5,May,30,4,22
2024-05-31,2024,2,5,May,31,5,22
2024-06-01,2024,2,6,Jun,1,6,22
2024-06-02,2024,2,6,Jun,2,7,22
2024-06-03,2024,2,6,Jun,3,1,23
2024-06-04,2024,2,6,Jun,4,2,23
2024-06-05,2024,2,6,Jun,5,3,23
2024-06-06,2024,2,6,Jun,6,4,23
2024-06-07,2024,2,6,Jun,7,5,23
2024-06-08,2024,2,6,Jun,8,6,23
2024-06-09,2024,2,6,Jun,9,7,23
2024-06-10,2024,2,6,Jun,10,1,24
2024-06-11,2024,2,6,Jun,11,2,24
2024-06-12,2024,2,6,Jun,12,3,24
2024-06-13,2024,2,6,Jun,13,4,24
2024-06-14,2024,2,6,Jun,14,5,24
2024-06-15,2024,2,6,Jun,15,6,24
2024-06-16,2024,2,6,Jun,16,7,24
2024-06-17,2024,2,6,Jun,17,1,25
2024-06-18,2024,2,6,Jun,18,2,25
2024-06-19,2024,2,6,Jun,19,3,25
2024-06-20,2024,2,6,Jun,20,4,25
2024-06-21,2024,2,6,Jun,21,5,25
2024-06-22,2024,2,6,Jun,22,6,25
2024-06-23,2024,2,6,Jun,23,7,25
2024-06-24,2024,2,6,Jun,24,1,26
2024-06-25,2024,2,6,Jun,25,2,26
2024-06-26,2024,2,6,Jun,26,3,26
2024-06-27,2024,2,6,Jun,27,4,26
2024-06-28,2024,2,6,Jun,28,5,26
2024-06-29,2024,2,6,Jun,29,6,26
2024-06-30,2024,2,6,Jun,30,7,26
2024-07-01,2024,3,7,Jul,1,1,27
2024-07-02,2024,3,7,Jul,2,2,27
2024-07-03,2024,3,7,Jul,3,3,27
2024-07-04,2024,3,7,Jul,4,4,27
2024-07-05,2024,3,7,Jul,5,5,27
2024-07-06,2024,3,7,Jul,6,6,27
2024-07-07,2024,3,7,Jul,7,7,27
2024-07-08,2024,3,7,Jul,8,1,28
2024-07-09,2024,3,7,Jul,9,2,28
2024-07-10,2024,3,7,Jul,10,3,28
2024-07-11,2024,3,7,Jul,11,4,28
2024-07-12,2024,3,7,Jul,12,5,28
2024-07-13,2024,3,7,Jul,13,6,28
2024-07-14,2024,3,7,Jul,14,7,28
2024-07-15,2024,3,7,Jul,15,1,29
2024-07-16,2024,3,7,Jul,16,2,29
2024-07-17,2024,3,7,Jul,17,3,29
2024-07-18,2024,3,7,Jul,18,4,29
2024-07-19,2024,3,7,Jul,19,5,29
2024-07-20,2024,3,7,Jul,20,6,29
2024-07-21,2024,3,7,Jul,21,7,29
2024-07-22,2024,3,7,Jul,22,1,30
2024-07-23,2024,3,7,Jul,23,2,30
2024-07-24,2024,3,7,Jul,24,3,30
2024-07-25,2024,3,7,Jul,25,4,30
2024-07-26,2024,3,7,Jul,26,5,30
2024-07-27,2024,3,7,Jul,27,6,30
2024-07-28,2024,3,7,Jul,28,7,30
2024-07-29,2024,3,7,Jul,29,1,31
2024-07-30,2024,3,7,Jul,30,2,31
2024-07-31,2024,3,7,Jul,31,3,31
2024-08-01,2024,3,8,Aug,1,4,31
2024-08-02,2024,3,8,Aug,2,5,31
2024-08-03,2024,3,8,Aug,3,6,31
2024-08-04,2024,3,8,Aug,4,7,31
2024-08-05,2024,3,8,Aug,5,1,32
2024-08-06,2024,3,8,Aug,6,2,32
2024-08-07,2024,3,8,Aug,7,3,32
2024-08-08,2024,3,8,Aug,8,4,32
2024-08-09,2024,3,8,Aug,9,5,32
2024-08-10,2024,3,8,Aug,10,6,32
2024-08-11,2024,3,8,Aug,11,7,32
2024-08-12,2024,3,8,Aug,12,1,33
2024-08-13,2024,3,8,Aug,13,2,33
2024-08-14,2024,3,8,Aug,14,3,33
2024-08-15,2024,3,8,Aug,15,4,33
2024-08-16,2024,3,8,Aug,16,5,33
2024-08-17,2024,3,8,Aug,17,6,33
2024-08-18,2024,3,8,Aug,18,7,33
2024-08-19,2024,3,8,Aug,19,1,34
2024-08-20,2024,3,8,Aug,20,2,34
2024-08-21,2024,3,8,Aug,21,3,34
2024-08-22,2024,3,8,Aug,22,4,34
2024-08-23,2024,3,8,Aug,23,5,34
2024-08-24,2024,3,8,Aug,24,6,34
2024-08-25,2024,3,8,Aug,25,7,34
2024-08-26,2024,3,8,Aug,26,1,35
2024-08-27,2024,3,8,Aug,27,2,35
2024-08-28,2024,3,8,Aug,28,3,35
2024-08-29,2024,3,8,Aug,29,4,35
2024-08-30,2024,3,8,Aug,30,5,35
2024-08-31,2024,3,8,Aug,31,6,35
2024-09-01,2024,3,9,Sep,1,7,35
2024-09-02,2024,3,9,Sep,2,1,36
2024-09-03,2024,3,9,Sep,3,2,36
2024-09-04,2024,3,9,Sep,4,3,36
2024-09-05,2024,3,9,Sep,5,4,36
2024-09-06,2024,3,9,Sep,6,5,36
2024-09-07,2024,3,9,Sep,7,6,36
2024-09-08,2024,3,9,Sep,8,7,36
2024-09-09,2024,3,9,Sep,9,1,37
2024-09-10,2024,3,9,Sep,10,2,37
2024-09-11,2024,3,9,Sep,11,3,37
2024-09-12,2024,3,9,Sep,12,4,37
2024-09-13,2024,3,9,Sep,13,5,37
2024-09-14,2024,3,9,Sep,14,6,37
2024-09-15,2024,3,9,Sep,15,7,37
2024-09-16,2024,3,9,Sep,16,1,38
2024-09-17,2024,3,9,Sep,17,2,38
2024-09-18,2024,3,9,Sep,18,3,38
2024-09-19,2024,3,9,Sep,19,4,38
2024-09-20,2024,3,9,Sep,20,5,38
2024-09-21,2024,3,9,Sep,21,6,38
2024-09-22,2024,3,9,Sep,22,7,38
2024-09-23,2024,3,9,Sep,23,1,39
2024-09-24,2024,3,9,Sep,24,2,39
2024-09-25,2024,3,9,Sep,25,3,39
2024-09-26,2024,3,9,Sep,26,4,39
2024-09-27,2024,3,9,Sep,27,5,39
2024-09-28,2024,3,9,Sep,28,6,39
2024-09-29,2024,3,9,Sep,29,7,39
2024-09-30,2024,3,9,Sep,30,1,40
2024-10-01,2024,4,10,Oct,1,2,40
2024-10-02,2024,4,10,Oct,2,3,40
2024-10-03,2024,4,10,Oct,3,4,40
2024-10-04,2024,4,10,Oct,4,5,40
2024-10-05,2024,4,10,Oct,5,6,40
2024-10-06,2024,4,10,Oct,6,7,40
2024-10-07,2024,4,10,Oct,7,1,41
2024-10-08,2024,4,10,Oct,8,2,41
2024-10-09,2024,4,10,Oct,9,3,41
2024-10-10,2024,4,10,Oct,10,4,41
2024-10-11,2024,4,10,Oct,11,5,41
2024-10-12,2024,4,10,Oct,12,6,41
2024-10-13,2024,4,10,Oct,13,7,41
2024-10-14,2024,4,10,Oct,14,1,42
2024-10-15,2024,4,10,Oct,15,2,42
2024-10-16,2024,4,10,Oct,16,3,42
2024-10-17,2024,4,10,Oct,17,4,42
2024-10-18,2024,4,10,Oct,18,5,42
2024-10-19,2024,4,10,Oct,19,6,42
2024-10-20,2024,4,10,Oct,20,7,42
2024-10-21,2024,4,10,Oct,21,1,43
2024-10-22,2024,4,10,Oct,22,2,43
2024-10-23,2024,4,10,Oct,23,3,43
2024-10-24,2024,4,10,Oct,24,4,43
2024-10-25,2024,4,10,Oct,25,5,43
2024-10-26,2024,4,10,Oct,26,6,43
2024-10-27,2024,4,10,Oct,27,7,43
2024-10-28,2024,4,10,Oct,28,1,44
2024-10-29,2024,4,10,Oct,29,2,44
2024-10-30,2024,4,10,Oct,30,3,44
2024-10-31,2024,4,10,Oct,31,4,44
2024-11-01,2024,4,11,Nov,1,5,44
2024-11-02,2024,4,11,Nov,2,6,44
2024-11-03,2024,4,11,Nov,3,7,44
2024-11-04,2024,4,11,Nov,4,1,45
2024-11-05,2024,4,11,Nov,5,2,45
2024-11-06,2024,4,11,Nov,6,3,45
2024-11-07,2024,4,11,Nov,7,4,45
2024-11-08,2024,4,11,Nov,8,5,45
2024-11-09,2024,4,11,Nov,9,6,45
2024-11-10,2024,4,11,Nov,10,7,45
2024-11-11,2024,4,11,Nov,11,1,46
2024-11-12,2024,4,11,Nov,12,2,46
2024-11-13,2024,4,11,Nov,13,3,46
2024-11-14,2024,4,11,Nov,14,4,46
2024-11-15,2024,4,11,Nov,15,5,46
2024-11-16,2024,4,11,Nov,16,6,46
2024-11-17,2024,4,11,Nov,17,7,46
2024-11-18,2024,4,11,Nov,18,1,47
2024-11-19,2024,4,11,Nov,19,2,47
2024-11-20,2024,4,11,Nov,20,3,47
2024-11-21,2024,4,11,Nov,21,4,47
2024-11-22,2024,4,11,Nov,22,5,47
2024-11-23,2024,4,11,Nov,23,6,47
2024-11-24,2024,4,11,Nov,24,7,47
2024-11-25,2024,4,11,Nov,25,1,48
2024-11-26,2024,4,11,Nov,26,2,48
2024-11-27,2024,4,11,Nov,27,3,48
2024-11-28,2024,4,11,Nov,28,4,48
2024-11-29,2024,4,11,Nov,29,5,48
2024-11-30,2024,4,11,Nov,30,6,48
2024-12-01,2024,4,12,Dec,1,7,48
2024-12-02,2024,4,12,Dec,2,1,49
2024-12-03,2024,4,12,Dec,3,2,49
2024-12-04,2024,4,12,Dec,4,3,49
2024-12-05,2024,4,12,Dec,5,4,49
2024-12-06,2024,4,12,Dec,6,5,49
2024-12-07,2024,4,12,Dec,7,6,49
2024-12-08,2024,4,12,Dec,8,7,49
2024-12-09,2024,4,12,Dec,9,1,50
2024-12-10,2024,4,12,Dec,10,2,50
2024-12-11,2024,4,12,Dec,11,3,50
2024-12-12,2024,4,12,Dec,12,4,50
2024-12-13,2024,4,12,Dec,13,5,50
2024-12-14,2024,4,12,Dec,14,6,50
2024-12-15,2024,4,12,Dec,15,7,50
2024-12-16,2024,4,12,Dec,16,1,51
2024-12-17,2024,4,12,Dec,17,2,51
2024-12-18,2024,4,12,Dec,18,3,51
2024-12-19,2024,4,12,Dec,19,4,51
2024-12-20,2024,4,12,Dec,20,5,51
2024-12-21,2024,4,12,Dec,21,6,51
2024-12-22,2024,4,12,Dec,22,7,51
2024-12-23,2024,4,12,Dec,23,1,52
2024-12-24,2024,4,12,Dec,24,2,52
2024-12-25,2024,4,12,Dec,25,3,52
2024-12-26,2024,4,12,Dec,26,4,52
2024-12-27,2024,4,12,Dec,27,5,52
2024-12-28,2024,4,12,Dec,28,6,52
2024-12-29,2024,4,12,Dec,29,7,52
2024-12-30,2024,4,12,Dec,30,1,1
2024-12-31,2024,4,12,Dec,31,2,1
